"","x"
"1",335.320332256189
"2",335.266805066543
"3",335.213292972698
"4",335.159795979301
"5",335.106314091085
"6",335.052847312865
"7",334.99939564954
"8",334.94595910609
"9",334.892537687585
"10",334.839131399168
"11",334.785740246075
"12",334.732364233617
"13",334.679003367196
"14",334.625657652286
"15",334.572327094455
"16",334.519011699345
"17",334.465711472683
"18",334.412426420279
"19",334.359156548025
"20",334.305901861893
"21",334.252662367939
"22",334.199438072298
"23",334.146228981191
"24",334.093035100916
"25",334.039856437853
"26",333.986692998468
"27",333.933544789299
"28",333.880411816976
"29",333.827294088199
"30",333.774191609756
"31",333.721104388515
"32",333.668032431417
"33",333.614975745495
"34",333.561934337854
"35",333.508908215681
"36",333.455897386242
"37",333.402901856887
"38",333.34992163504
"39",333.296956728208
"40",333.244007143978
"41",333.191072890013
"42",333.138153974059
"43",333.085250403938
"44",333.032362187553
"45",332.979489332884
"46",332.926631847992
"47",332.873789741014
"48",332.820963020167
"49",332.768151693747
"50",332.715355770126
"51",332.662575257754
"52",332.609810165163
"53",332.55706049931
"54",332.504326263963
"55",332.451607461405
"56",332.398904094083
"57",332.346216164621
"58",332.293543675816
"59",332.240886630631
"60",332.188245032206
"61",332.135618883849
"62",332.083008189039
"63",332.030412951426
"64",331.97783317483
"65",331.92526886324
"66",331.872720020819
"67",331.820186651894
"68",331.767668760965
"69",331.715166352698
"70",331.66267943193
"71",331.610208003666
"72",331.557752073079
"73",331.505311645508
"74",331.452886726464
"75",331.400477321622
"76",331.348083436826
"77",331.295705078084
"78",331.243342251574
"79",331.190994963637
"80",331.138663220787
"81",331.086347029694
"82",331.0340463972
"83",330.981761330313
"84",330.929491836202
"85",330.877237922202
"86",330.824999595815
"87",330.772776864707
"88",330.720569736704
"89",330.668378219799
"90",330.616202322148
"91",330.564042052072
"92",330.511897418051
"93",330.45976842873
"94",330.407655092918
"95",330.355557419582
"96",330.303475417855
"97",330.25140909703
"98",330.199358466562
"99",330.147323536064
"100",330.095304315316
"101",330.043300814252
"102",329.991313042969
"103",329.939341011728
"104",329.887384730941
"105",329.835444208255
"106",329.783519445677
"107",329.731610442621
"108",329.679717198877
"109",329.627839714606
"110",329.575977990341
"111",329.524132026988
"112",329.472301825824
"113",329.420487388497
"114",329.368688717027
"115",329.316905813797
"116",329.265138681569
"117",329.213387323465
"118",329.16165174298
"119",329.109931943973
"120",329.058227930672
"121",329.006539707671
"122",328.954867279928
"123",328.903210652767
"124",328.851569831874
"125",328.799944823305
"126",328.748335633473
"127",328.696742269157
"128",328.645164737496
"129",328.593603045991
"130",328.542057202505
"131",328.490527215261
"132",328.439013092841
"133",328.387514844186
"134",328.336032478596
"135",328.284566005729
"136",328.2331154356
"137",328.181680778581
"138",328.130262045401
"139",328.078859247141
"140",328.027472395242
"141",327.976101501497
"142",327.924746578051
"143",327.873407637406
"144",327.822084692412
"145",327.770777756274
"146",327.719486842548
"147",327.668211965142
"148",327.616953138309
"149",327.565710376659
"150",327.514483695145
"151",327.463273109069
"152",327.412078634083
"153",327.360900286185
"154",327.30973808172
"155",327.258592037377
"156",327.207462170193
"157",327.156348497111
"158",327.105251034378
"159",327.054169797692
"160",327.003104802556
"161",326.952056064268
"162",326.901023597928
"163",326.85000741844
"164",326.799007540505
"165",326.748023978629
"166",326.697056747117
"167",326.646105860077
"168",326.595171331418
"169",326.544253174854
"170",326.493351403899
"171",326.442466031872
"172",326.391597071896
"173",326.340744536899
"174",326.289908439607
"175",326.239088792556
"176",326.188285608084
"177",326.137498898337
"178",326.086728675263
"179",326.035974950619
"180",325.985237735963
"181",325.934517042664
"182",325.883812881894
"183",325.833125264635
"184",325.782454201675
"185",325.731799703608
"186",325.681161780838
"187",325.630540443575
"188",325.579935701838
"189",325.529347565458
"190",325.478776044068
"191",325.428221147118
"192",325.377682883862
"193",325.327161263368
"194",325.276656294512
"195",325.226167985981
"196",325.175696346274
"197",325.125241383697
"198",325.074803106376
"199",325.02438152224
"200",324.973976639037
"201",324.923588464322
"202",324.873217005466
"203",324.822862269654
"204",324.772524263883
"205",324.722202994962
"206",324.67189846952
"207",324.621610693992
"208",324.57133967706
"209",324.52108543214
"210",324.470847975086
"211",324.420627321809
"212",324.370423488269
"213",324.320236490488
"214",324.270066344533
"215",324.219913066528
"216",324.169776672655
"217",324.119657179142
"218",324.069554602273
"219",324.019468958388
"220",323.969400263876
"221",323.919348535181
"222",323.869313788797
"223",323.819296041273
"224",323.769295309209
"225",323.719311609258
"226",323.669344958125
"227",323.619395372565
"228",323.569462869385
"229",323.519547465448
"230",323.469649177662
"231",323.41976802299
"232",323.369904018445
"233",323.32005718109
"234",323.270227528041
"235",323.220415076464
"236",323.170619843572
"237",323.120841846633
"238",323.071081102963
"239",323.02133762993
"240",322.971611444946
"241",322.921902565481
"242",322.872211009046
"243",322.822536793208
"244",322.772879935581
"245",322.723240453824
"246",322.673618365654
"247",322.624013688829
"248",322.574426441156
"249",322.524856640494
"250",322.475304304748
"251",322.425769451872
"252",322.376252099867
"253",322.326752266783
"254",322.277269970714
"255",322.227805229807
"256",322.178358062253
"257",322.12892848629
"258",322.079516520204
"259",322.030122182326
"260",321.980745491636
"261",321.931386468288
"262",321.88204513292
"263",321.832721506011
"264",321.783415607886
"265",321.734127458718
"266",321.684857078525
"267",321.635604487172
"268",321.58636970437
"269",321.537152749678
"270",321.4879536425
"271",321.438772402091
"272",321.38960904755
"273",321.340463597823
"274",321.291336071706
"275",321.242226487848
"276",321.193134864735
"277",321.144061220711
"278",321.095005573965
"279",321.045967942538
"280",320.996948344314
"281",320.947946797035
"282",320.898963318284
"283",320.8499979255
"284",320.801050635972
"285",320.752121466836
"286",320.703210435081
"287",320.654317557545
"288",320.605442850922
"289",320.556586331751
"290",320.507748016425
"291",320.45892792119
"292",320.410126062142
"293",320.361342455233
"294",320.312577116262
"295",320.263830060885
"296",320.21510130461
"297",320.166390862796
"298",320.117698750659
"299",320.069024983266
"300",320.020369575539
"301",319.971732542254
"302",319.923113898043
"303",319.874513657389
"304",319.825931834632
"305",319.777368443969
"306",319.728823499449
"307",319.680297014978
"308",319.631789004319
"309",319.583299481091
"310",319.534828458766
"311",319.486375952163
"312",319.437941978968
"313",319.389526558299
"314",319.341129709248
"315",319.292751450871
"316",319.244391802191
"317",319.196050782201
"318",319.147728409864
"319",319.099424704107
"320",319.051139683828
"321",319.00287336789
"322",318.954625775125
"323",318.906396924334
"324",318.858186834287
"325",318.809995523717
"326",318.761823011326
"327",318.71366931579
"328",318.665534455743
"329",318.617418449797
"330",318.569321316522
"331",318.521243074461
"332",318.473183742125
"333",318.425143337989
"334",318.377121880501
"335",318.32911938807
"336",318.281135879079
"337",318.233171371872
"338",318.185225884767
"339",318.137299436045
"340",318.089392043955
"341",318.041503726715
"342",317.993634502511
"343",317.945784389493
"344",317.897953405781
"345",317.850141569463
"346",317.802348898592
"347",317.75457541119
"348",317.706821125244
"349",317.659086058711
"350",317.611370229516
"351",317.563673655547
"352",317.515996354663
"353",317.468338344688
"354",317.420699643414
"355",317.373080268601
"356",317.325480237974
"357",317.277899569227
"358",317.230338280021
"359",317.182796387984
"360",317.135273910708
"361",317.087770865757
"362",317.040287270658
"363",316.992823142285
"364",316.945378496256
"365",316.897953347589
"366",316.850547711341
"367",316.803161602605
"368",316.755795036508
"369",316.708448028219
"370",316.661120592937
"371",316.613812745898
"372",316.566524502376
"373",316.51925587768
"374",316.47200688715
"375",316.424777546168
"376",316.377567870146
"377",316.330377874534
"378",316.283207574813
"379",316.236056986503
"380",316.188926125155
"381",316.141815006354
"382",316.094723645723
"383",316.047652058914
"384",316.000600261616
"385",315.953568269552
"386",315.906556098473
"387",315.85956376417
"388",315.812591282462
"389",315.765638669208
"390",315.71870594029
"391",315.671793111628
"392",315.624900199176
"393",315.578027218916
"394",315.531174186865
"395",315.484341119072
"396",315.437528031614
"397",315.390734940607
"398",315.343961862189
"399",315.297208812537
"400",315.250475807854
"401",315.203762864379
"402",315.157069998376
"403",315.110397226145
"404",315.06374456401
"405",315.017112028334
"406",314.970499635501
"407",314.923907401932
"408",314.877335344072
"409",314.830783478401
"410",314.784251821425
"411",314.737740389678
"412",314.691249199726
"413",314.644778268166
"414",314.598327608693
"415",314.551897229246
"416",314.505487135011
"417",314.459097331373
"418",314.412727823921
"419",314.366378618444
"420",314.320049720924
"421",314.273741137548
"422",314.227452874699
"423",314.181184938957
"424",314.134937337102
"425",314.088710076106
"426",314.042503163141
"427",313.996316605574
"428",313.950150410964
"429",313.904004587069
"430",313.857879141838
"431",313.811774083416
"432",313.765689420138
"433",313.719625160535
"434",313.673581313326
"435",313.627557887425
"436",313.581554891934
"437",313.535572336147
"438",313.489610229552
"439",313.443668581818
"440",313.397747402806
"441",313.35184670257
"442",313.305966491346
"443",313.26010677956
"444",313.214267577824
"445",313.168448896936
"446",313.12265074788
"447",313.076873141827
"448",313.03111609013
"449",312.985379604325
"450",312.939663696137
"451",312.893968377467
"452",312.848293660406
"453",312.80263955722
"454",312.757006080361
"455",312.711393242459
"456",312.665801056329
"457",312.620229534959
"458",312.574678691522
"459",312.529148539367
"460",312.483639092023
"461",312.438150363194
"462",312.392682366764
"463",312.347235116793
"464",312.301808627514
"465",312.25640291334
"466",312.211017984167
"467",312.165653840705
"468",312.120310479204
"469",312.07498789615
"470",312.029686088267
"471",311.984405052516
"472",311.939144786087
"473",311.893905286411
"474",311.848686551153
"475",311.803488578206
"476",311.758311365703
"477",311.713154912005
"478",311.668019215704
"479",311.622904275628
"480",311.57781009083
"481",311.532736660596
"482",311.487683984442
"483",311.442652062111
"484",311.397640893575
"485",311.352650479034
"486",311.307680818914
"487",311.262731913868
"488",311.217803764776
"489",311.172896372742
"490",311.128009739093
"491",311.083143865386
"492",311.038298753394
"493",310.993474405118
"494",310.948670822779
"495",310.903888008822
"496",310.859125965911
"497",310.814384696931
"498",310.769664204987
"499",310.724964493406
"500",310.680285565729
"501",310.635627425718
"502",310.590990077354
"503",310.546373524832
"504",310.501777772566
"505",310.457202825184
"506",310.41264868753
"507",310.368115364664
"508",310.323602861857
"509",310.279111184597
"510",310.234640338583
"511",310.190190329727
"512",310.14576116415
"513",310.10135284819
"514",310.056965388391
"515",310.012598791506
"516",309.968253064503
"517",309.923928214552
"518",309.879624244956
"519",309.835341151049
"520",309.791078924253
"521",309.746837556146
"522",309.702617038465
"523",309.658417363107
"524",309.614238522118
"525",309.570080507709
"526",309.525943312239
"527",309.481826928231
"528",309.437731348357
"529",309.393656565444
"530",309.349602572478
"531",309.305569362595
"532",309.261556929084
"533",309.217565265393
"534",309.173594365115
"535",309.129644222005
"536",309.085714829961
"537",309.041806183037
"538",308.997918275438
"539",308.954051101523
"540",308.910204655797
"541",308.866378932915
"542",308.822573927689
"543",308.778789635073
"544",308.735026050174
"545",308.691283168247
"546",308.647560984694
"547",308.603859495068
"548",308.560178695068
"549",308.516518580541
"550",308.472879147479
"551",308.429260392023
"552",308.38566231046
"553",308.342084899223
"554",308.298528154889
"555",308.254992074181
"556",308.211476653968
"557",308.16798189126
"558",308.124507783216
"559",308.081054327133
"560",308.037621520459
"561",307.994209360778
"562",307.950817845818
"563",307.907446973451
"564",307.864096741692
"565",307.820767148692
"566",307.777458192751
"567",307.734169872303
"568",307.690902185926
"569",307.647655132337
"570",307.604428708047
"571",307.561222904998
"572",307.518037712892
"573",307.474873121529
"574",307.431729120805
"575",307.388605700717
"576",307.345502851359
"577",307.302420562916
"578",307.259358825677
"579",307.216317630027
"580",307.173296966442
"581",307.130296825501
"582",307.087317197872
"583",307.044358074328
"584",307.001419445728
"585",306.958501303031
"586",306.915603637292
"587",306.872726439662
"588",306.82986970138
"589",306.787033413788
"590",306.744217568315
"591",306.701422156491
"592",306.658647169933
"593",306.615892600359
"594",306.573158439573
"595",306.530444679477
"596",306.487751312066
"597",306.445078329426
"598",306.402425723737
"599",306.35979348727
"600",306.317181612391
"601",306.274590091554
"602",306.232018917307
"603",306.189468082291
"604",306.146937579238
"605",306.104427400965
"606",306.06193754039
"607",306.019467990517
"608",305.977018744438
"609",305.93458979534
"610",305.892181136497
"611",305.849792761274
"612",305.807424663126
"613",305.765076835597
"614",305.722749272322
"615",305.680441967024
"616",305.638154913514
"617",305.595888105692
"618",305.553641537549
"619",305.511415203162
"620",305.469209096695
"621",305.427023246295
"622",305.384857747265
"623",305.342712727137
"624",305.30058831144
"625",305.258484623706
"626",305.216401785464
"627",305.174339916256
"628",305.132299133625
"629",305.090279553132
"630",305.04828128835
"631",305.006304450869
"632",304.964349150301
"633",304.922415494282
"634",304.880503588475
"635",304.838613536575
"636",304.796745440313
"637",304.754899399455
"638",304.713075511813
"639",304.671273873243
"640",304.629494577653
"641",304.587737717003
"642",304.546003381315
"643",304.504291658668
"644",304.462602635213
"645",304.42093639517
"646",304.379293020833
"647",304.33767259258
"648",304.296075188871
"649",304.254500886258
"650",304.212949759382
"651",304.171421880987
"652",304.129917321921
"653",304.088436151137
"654",304.046978435708
"655",304.005544240817
"656",303.964133629776
"657",303.922746664024
"658",303.881383403139
"659",303.840043904827
"660",303.79872822495
"661",303.757436417513
"662",303.716168534677
"663",303.674924626765
"664",303.633704742268
"665",303.592508927841
"666",303.551337228322
"667",303.510189686732
"668",303.469066344278
"669",303.427967240358
"670",303.386892412576
"671",303.345841896735
"672",303.304815726852
"673",303.263814207857
"674",303.222838179867
"675",303.181888732931
"676",303.140966930163
"677",303.100073807669
"678",303.059210374504
"679",303.018377612613
"680",302.977576476815
"681",302.93680789478
"682",302.89607276702
"683",302.855371966903
"684",302.814706340661
"685",302.774076707424
"686",302.733483859258
"687",302.692928561211
"688",302.65241155137
"689",302.611933540937
"690",302.571495214293
"691",302.531097229099
"692",302.490740216372
"693",302.450424780606
"694",302.410151499867
"695",302.369920925914
"696",302.329733584326
"697",302.289589974629
"698",302.24949057043
"699",302.209435819568
"700",302.169426144251
"701",302.12946194122
"702",302.089543581891
"703",302.049671412539
"704",302.009845754439
"705",301.970066904061
"706",301.930335133225
"707",301.890650689289
"708",301.851013795317
"709",301.811424650276
"710",301.771883429207
"711",301.732390283422
"712",301.69294534068
"713",301.65354870539
"714",301.614200458786
"715",301.574900659132
"716",301.535649341907
"717",301.496446519992
"718",301.457292183872
"719",301.418186301818
"720",301.379128820086
"721",301.340119663097
"722",301.301158733635
"723",301.262245913032
"724",301.223381130872
"725",301.184564444095
"726",301.145795981676
"727",301.107075879787
"728",301.068404281718
"729",301.029781337808
"730",300.991207205369
"731",300.952682048611
"732",300.914206038567
"733",300.875779353016
"734",300.837402176412
"735",300.799074699796
"736",300.760797120736
"737",300.722569643232
"738",300.684392477646
"739",300.646265840624
"740",300.608189955011
"741",300.570165049781
"742",300.53219135994
"743",300.494269126462
"744",300.456398596194
"745",300.418580021781
"746",300.380813661579
"747",300.343099779574
"748",300.305438645289
"749",300.267830533711
"750",300.230275725197
"751",300.192774505388
"752",300.155327165125
"753",300.117934000353
"754",300.080595312041
"755",300.043311406092
"756",300.006082593242
"757",299.96890918898
"758",299.931791513456
"759",299.894729891381
"760",299.857724651937
"761",299.820776128692
"762",299.783884659488
"763",299.747050586362
"764",299.710274255441
"765",299.673556016852
"766",299.636896224614
"767",299.600295236553
"768",299.563753414194
"769",299.527271122668
"770",299.490848730605
"771",299.454486610043
"772",299.418185136316
"773",299.381944687964
"774",299.345765646621
"775",299.309648396916
"776",299.273592978683
"777",299.237598751456
"778",299.201664760178
"779",299.165790088401
"780",299.129973857766
"781",299.09421522748
"782",299.058513393841
"783",299.022867589756
"784",298.987277084288
"785",298.951741182215
"786",298.916259223595
"787",298.880830583363
"788",298.845454670925
"789",298.81013092977
"790",298.774858837091
"791",298.73963790342
"792",298.704467672276
"793",298.669347719807
"794",298.63427765446
"795",298.599257116647
"796",298.564285778419
"797",298.529363343155
"798",298.494489545249
"799",298.459664149799
"800",298.424886952316
"801",298.390157778419
"802",298.355476483552
"803",298.320842952689
"804",298.28625710005
"805",298.251718868814
"806",298.217228230846
"807",298.182785186405
"808",298.148389763874
"809",298.114042019475
"810",298.07974203699
"811",298.045489927481
"812",298.011285829015
"813",297.977129906373
"814",297.943022350768
"815",297.908963379565
"816",297.874953235983
"817",297.840992188811
"818",297.807080532109
"819",297.773218584911
"820",297.739406690919
"821",297.705645218204
"822",297.671934558885
"823",297.638275128818
"824",297.604667367277
"825",297.571111736621
"826",297.537608721966
"827",297.504158601301
"828",297.470761207855
"829",297.437416147699
"830",297.404123025294
"831",297.370881443511
"832",297.337691003642
"833",297.304551305415
"834",297.271461947019
"835",297.2384225251
"836",297.205432634791
"837",297.172491869718
"838",297.139599822007
"839",297.106756082301
"840",297.073960239768
"841",297.041211882115
"842",297.008510595589
"843",296.975855964994
"844",296.943247573685
"845",296.910685003595
"846",296.878167835222
"847",296.845695647641
"848",296.813268018514
"849",296.780884524088
"850",296.748544739199
"851",296.716248237274
"852",296.683994590337
"853",296.651783369005
"854",296.61961414249
"855",296.587486478601
"856",296.555399943742
"857",296.523354102906
"858",296.49134851968
"859",296.459382756238
"860",296.427456373336
"861",296.39556893031
"862",296.363719985071
"863",296.331909094096
"864",296.300135812429
"865",296.268399693661
"866",296.236700289936
"867",296.20503715193
"868",296.173409828857
"869",296.14181786844
"870",296.110260816916
"871",296.078738219017
"872",296.04724961796
"873",296.015794555431
"874",295.984372571577
"875",295.952983204988
"876",295.921625992684
"877",295.890300470095
"878",295.85900617105
"879",295.827742738573
"880",295.796510032948
"881",295.765308016837
"882",295.734136643199
"883",295.702995855345
"884",295.671885587014
"885",295.640805762427
"886",295.609756296359
"887",295.57873709419
"888",295.547748051981
"889",295.516789056523
"890",295.485859985409
"891",295.454960707082
"892",295.424091080907
"893",295.393250957217
"894",295.362440177378
"895",295.331658573843
"896",295.300905970207
"897",295.270182181263
"898",295.239487013049
"899",295.20882026291
"900",295.178181719538
"901",295.147571163029
"902",295.116988364929
"903",295.086433088272
"904",295.055905087646
"905",295.025404109211
"906",294.994929890762
"907",294.96448216176
"908",294.93406064337
"909",294.903665048505
"910",294.873295081857
"911",294.842950439934
"912",294.812630811089
"913",294.782335875553
"914",294.752065305466
"915",294.721818764899
"916",294.691595909882
"917",294.661396388427
"918",294.631219840554
"919",294.601065898296
"920",294.570934185732
"921",294.540824318991
"922",294.510735906274
"923",294.480668547856
"924",294.450621836099
"925",294.420595355456
"926",294.390588682477
"927",294.360601385812
"928",294.330633026201
"929",294.300683156483
"930",294.270751321584
"931",294.240837173071
"932",294.210940586295
"933",294.181061549725
"934",294.151200051721
"935",294.121356080529
"936",294.091529624292
"937",294.061720671038
"938",294.031929208687
"939",294.002155225051
"940",293.972398707833
"941",293.942659644629
"942",293.912938022927
"943",293.883233830109
"944",293.853547053448
"945",293.823877680115
"946",293.79422569717
"947",293.764591091572
"948",293.734973850173
"949",293.705373959721
"950",293.675791406859
"951",293.646226178128
"952",293.616678259962
"953",293.587147638698
"954",293.557634300565
"955",293.528138231694
"956",293.498659418109
"957",293.469197845739
"958",293.439753500407
"959",293.410326367837
"960",293.380916433655
"961",293.351523683385
"962",293.322148102451
"963",293.292789676179
"964",293.263448389797
"965",293.234124228433
"966",293.20481717712
"967",293.175527220792
"968",293.146254344283
"969",293.116998532336
"970",293.087759769593
"971",293.058538040603
"972",293.029333329818
"973",293.000145621592
"974",292.970974900191
"975",292.941821149783
"976",292.912684354438
"977",292.883564498141
"978",292.854461564772
"979",292.825375538131
"980",292.796306401915
"981",292.767254139734
"982",292.738218735105
"983",292.709200175566
"984",292.680198456786
"985",292.651213578471
"986",292.622245540248
"987",292.593294341674
"988",292.564359982226
"989",292.535442461307
"990",292.506541778251
"991",292.477657932312
"992",292.448790922674
"993",292.419940748445
"994",292.391107408661
"995",292.362290902284
"996",292.333491228205
"997",292.304708385239
"998",292.275942372132
"999",292.247193187558
"1000",292.218460830115
"1001",292.18974529833
"1002",292.161046590666
"1003",292.132364705504
"1004",292.103699641161
"1005",292.075051395881
"1006",292.046419967836
"1007",292.017805355132
"1008",291.989207555798
"1009",291.960626567801
"1010",291.932062389033
"1011",291.903515017317
"1012",291.874984450408
"1013",291.846470685993
"1014",291.817973721689
"1015",291.789493555042
"1016",291.761030183535
"1017",291.732583604577
"1018",291.704153815517
"1019",291.675740813626
"1020",291.647344596116
"1021",291.618965160128
"1022",291.590602502738
"1023",291.562256620954
"1024",291.533927511718
"1025",291.505615171903
"1026",291.47731959832
"1027",291.449040787713
"1028",291.420778736758
"1029",291.39253344207
"1030",291.364304900194
"1031",291.336093107615
"1032",291.307898060748
"1033",291.279719755946
"1034",291.251558191152
"1035",291.223413367535
"1036",291.195285287824
"1037",291.167173954652
"1038",291.139079370554
"1039",291.111001537968
"1040",291.082940459238
"1041",291.054896136611
"1042",291.026868572238
"1043",290.998857768171
"1044",290.970863726375
"1045",290.942886448711
"1046",290.914925936952
"1047",290.886982192776
"1048",290.859055217761
"1049",290.831145013397
"1050",290.803251581082
"1051",290.775374922116
"1052",290.747515037707
"1053",290.719671928974
"1054",290.691845596939
"1055",290.664036042533
"1056",290.636243266599
"1057",290.608467269885
"1058",290.580708053047
"1059",290.552965616654
"1060",290.52523996118
"1061",290.497531087011
"1062",290.469838994443
"1063",290.442163683683
"1064",290.414505154845
"1065",290.386863407957
"1066",290.359238442958
"1067",290.331630259697
"1068",290.304038857934
"1069",290.276464237346
"1070",290.248906397512
"1071",290.221365337934
"1072",290.193841058022
"1073",290.166333557099
"1074",290.138842834402
"1075",290.111368889082
"1076",290.083911720203
"1077",290.056471326742
"1078",290.029047707595
"1079",290.001640861567
"1080",289.974250787382
"1081",289.946877483678
"1082",289.919520949009
"1083",289.892181181845
"1084",289.86485818057
"1085",289.837551943486
"1086",289.810262472678
"1087",289.782989777826
"1088",289.755733872271
"1089",289.728494769132
"1090",289.701272481303
"1091",289.674067021454
"1092",289.646878402034
"1093",289.619706635268
"1094",289.592551733162
"1095",289.565413707498
"1096",289.538292569841
"1097",289.511188331533
"1098",289.484101003703
"1099",289.457030597254
"1100",289.429977122876
"1101",289.402940591042
"1102",289.375921012007
"1103",289.34891839581
"1104",289.321932752278
"1105",289.294964091019
"1106",289.268012421431
"1107",289.241077752695
"1108",289.214160093784
"1109",289.187259453454
"1110",289.160375840255
"1111",289.13350926252
"1112",289.106659728378
"1113",289.079827245746
"1114",289.053011822333
"1115",289.026213465636
"1116",288.999432182952
"1117",288.972667981365
"1118",288.945920867756
"1119",288.919190848798
"1120",288.892477930962
"1121",288.865782120512
"1122",288.83910342351
"1123",288.812441845817
"1124",288.785797393087
"1125",288.759170070778
"1126",288.732559884141
"1127",288.705966838234
"1128",288.679390937907
"1129",288.652832187818
"1130",288.626290592425
"1131",288.599766155985
"1132",288.573258882562
"1133",288.546768776023
"1134",288.520295840036
"1135",288.493840078078
"1136",288.46740149343
"1137",288.440980155607
"1138",288.414576264777
"1139",288.388190082361
"1140",288.361821863642
"1141",288.335471857763
"1142",288.309140307743
"1143",288.282827450486
"1144",288.256533516783
"1145",288.230258731336
"1146",288.204003312758
"1147",288.177767473594
"1148",288.151551420331
"1149",288.125355353416
"1150",288.099179467268
"1151",288.0730239503
"1152",288.046888984931
"1153",288.020774747608
"1154",287.994681408828
"1155",287.968609133145
"1156",287.942558079211
"1157",287.916528399777
"1158",287.890520241728
"1159",287.864533746103
"1160",287.838569048112
"1161",287.812626277169
"1162",287.786705556911
"1163",287.760807005223
"1164",287.734930734264
"1165",287.709076850494
"1166",287.683245454701
"1167",287.65743664202
"1168",287.631650501973
"1169",287.605887118487
"1170",287.580146569922
"1171",287.554428929107
"1172",287.528734263356
"1173",287.503062634512
"1174",287.477414098961
"1175",287.451788707669
"1176",287.426186506215
"1177",287.400607534809
"1178",287.375051828334
"1179",287.349519416368
"1180",287.324010323217
"1181",287.29852456794
"1182",287.273062164393
"1183",287.247623121239
"1184",287.222207441998
"1185",287.196815125057
"1186",287.171446163723
"1187",287.146100546233
"1188",287.120778255794
"1189",287.095479321672
"1190",287.070203871078
"1191",287.044952079364
"1192",287.019724119397
"1193",286.994520161551
"1194",286.969340373727
"1195",286.944184921344
"1196",286.91905396735
"1197",286.893947672225
"1198",286.868866193984
"1199",286.843809688185
"1200",286.818778307936
"1201",286.793772203895
"1202",286.768791524277
"1203",286.743836414869
"1204",286.718907019024
"1205",286.694003477674
"1206",286.669125929338
"1207",286.64427451013
"1208",286.619449353758
"1209",286.594650591541
"1210",286.569878352415
"1211",286.545132762937
"1212",286.520413947296
"1213",286.495722027323
"1214",286.471057122497
"1215",286.446419349954
"1216",286.421808824498
"1217",286.397225658611
"1218",286.372669962457
"1219",286.348141843901
"1220",286.323641408506
"1221",286.299168759558
"1222",286.274723998062
"1223",286.250307222762
"1224",286.225918530147
"1225",286.201558014464
"1226",286.177225767728
"1227",286.15292187973
"1228",286.128646438054
"1229",286.10439952808
"1230",286.080181233005
"1231",286.055991633848
"1232",286.031830809463
"1233",286.007698836551
"1234",285.983595789668
"1235",285.959521741249
"1236",285.935476761604
"1237",285.91146091894
"1238",285.887474279373
"1239",285.863516906936
"1240",285.8395887531
"1241",285.815689551782
"1242",285.791818937973
"1243",285.767976560807
"1244",285.74416208343
"1245",285.720375182878
"1246",285.696615549943
"1247",285.672882889063
"1248",285.649176918201
"1249",285.625497368737
"1250",285.601843985349
"1251",285.578216525916
"1252",285.554614761409
"1253",285.531038475788
"1254",285.507487465908
"1255",285.483961541419
"1256",285.460460524672
"1257",285.436984250624
"1258",285.413532566757
"1259",285.390105332977
"1260",285.366702421536
"1261",285.34332371694
"1262",285.319969115868
"1263",285.29663852709
"1264",285.273331871383
"1265",285.250049081448
"1266",285.226790101836
"1267",285.203554888862
"1268",285.180343410526
"1269",285.157155646444
"1270",285.133991587758
"1271",285.110851237062
"1272",285.087734608328
"1273",285.064641726826
"1274",285.041572629042
"1275",285.01852736261
"1276",284.995505986217
"1277",284.972508569546
"1278",284.949535193173
"1279",284.926585948506
"1280",284.903660937699
"1281",284.880760273562
"1282",284.857884079488
"1283",284.835032489366
"1284",284.8122056475
"1285",284.789403708516
"1286",284.766626837283
"1287",284.743875208814
"1288",284.72114900819
"1289",284.698448430458
"1290",284.675773680542
"1291",284.653124973147
"1292",284.630502396656
"1293",284.607905775575
"1294",284.585334804194
"1295",284.562789181744
"1296",284.540268612342
"1297",284.517772804948
"1298",284.495301473311
"1299",284.472854335925
"1300",284.450431115981
"1301",284.428031541319
"1302",284.405655344393
"1303",284.383302262217
"1304",284.360972036332
"1305",284.338664412759
"1306",284.316379141961
"1307",284.294115978802
"1308",284.271874682514
"1309",284.249655016652
"1310",284.227456749065
"1311",284.205279651855
"1312",284.183123501341
"1313",284.160988078032
"1314",284.138873166588
"1315",284.116778555787
"1316",284.094704038499
"1317",284.072649411647
"1318",284.050614476183
"1319",284.028599037057
"1320",284.006602903185
"1321",283.984625887423
"1322",283.962667806542
"1323",283.940728481193
"1324",283.918807735893
"1325",283.896905398986
"1326",283.875021302625
"1327",283.853155282751
"1328",283.831307179054
"1329",283.809476834971
"1330",283.787664097642
"1331",283.765868817902
"1332",283.744090850253
"1333",283.722330052841
"1334",283.70058628744
"1335",283.678859419425
"1336",283.657149317758
"1337",283.635455854965
"1338",283.613778907114
"1339",283.592118353803
"1340",283.570474078135
"1341",283.548845966703
"1342",283.527233909572
"1343",283.50563780331
"1344",283.484057551246
"1345",283.462493056254
"1346",283.44094421632
"1347",283.419410924567
"1348",283.397893069277
"1349",283.376390533906
"1350",283.354903197101
"1351",283.333430932723
"1352",283.311973609857
"1353",283.290531092836
"1354",283.26910324125
"1355",283.247689909967
"1356",283.226290949143
"1357",283.204906204237
"1358",283.18353551603
"1359",283.162178720626
"1360",283.140835649474
"1361",283.119506129375
"1362",283.09818998249
"1363",283.076887026356
"1364",283.055597073885
"1365",283.034319933379
"1366",283.013055408538
"1367",282.991803298461
"1368",282.970563397649
"1369",282.949335496018
"1370",282.928119378897
"1371",282.906914827027
"1372",282.88572161657
"1373",282.864539519103
"1374",282.843368301619
"1375",282.822207726528
"1376",282.80105755165
"1377",282.779917530212
"1378",282.758787410845
"1379",282.737666937577
"1380",282.716555849824
"1381",282.695453882384
"1382",282.674360765425
"1383",282.653276224474
"1384",282.632199980409
"1385",282.611131749438
"1386",282.590071243092
"1387",282.569018168205
"1388",282.547972226894
"1389",282.526933116546
"1390",282.505900529795
"1391",282.4848741545
"1392",282.463853673716
"1393",282.442838765687
"1394",282.421829103797
"1395",282.400824441289
"1396",282.379824696851
"1397",282.358829871261
"1398",282.337839963152
"1399",282.316854969003
"1400",282.295874883151
"1401",282.274899697783
"1402",282.253929402941
"1403",282.232963986524
"1404",282.212003434283
"1405",282.191047729826
"1406",282.170096854622
"1407",282.149150787995
"1408",282.128209507126
"1409",282.107272987059
"1410",282.086341200691
"1411",282.065414118786
"1412",282.044491709963
"1413",282.023573940705
"1414",282.002660775353
"1415",281.981752176113
"1416",281.960848103045
"1417",281.939948514077
"1418",281.919053364996
"1419",281.898162609449
"1420",281.877276198943
"1421",281.856394082848
"1422",281.835516208388
"1423",281.814642520655
"1424",281.79377296259
"1425",281.772907474999
"1426",281.752045996539
"1427",281.731188463727
"1428",281.710334810934
"1429",281.689484970378
"1430",281.668638872137
"1431",281.647796444133
"1432",281.626957612138
"1433",281.606122299771
"1434",281.585290428493
"1435",281.564461917608
"1436",281.54363668426
"1437",281.522814643426
"1438",281.501995707921
"1439",281.481179788389
"1440",281.4603667933
"1441",281.439556628951
"1442",281.418749199459
"1443",281.397944406756
"1444",281.377142150587
"1445",281.356342328508
"1446",281.335544892385
"1447",281.314749904571
"1448",281.293957480935
"1449",281.273167734207
"1450",281.252380773977
"1451",281.231596706688
"1452",281.210815635636
"1453",281.190037660954
"1454",281.169262879625
"1455",281.148491385465
"1456",281.127723269122
"1457",281.106958618076
"1458",281.086197516634
"1459",281.06544004593
"1460",281.044686283918
"1461",281.02393630537
"1462",281.003190181881
"1463",280.98244798186
"1464",280.961709770527
"1465",280.940975609919
"1466",280.920245558889
"1467",280.899519673093
"1468",280.878798005
"1469",280.858080603892
"1470",280.837367515853
"1471",280.816658783782
"1472",280.795954447385
"1473",280.775254543173
"1474",280.754559104466
"1475",280.733868161393
"1476",280.713181740891
"1477",280.692499866706
"1478",280.67182255939
"1479",280.651149836308
"1480",280.630481711631
"1481",280.609818196341
"1482",280.58915929823
"1483",280.568505021902
"1484",280.547855368771
"1485",280.527210337064
"1486",280.506569921819
"1487",280.485934114887
"1488",280.465302904934
"1489",280.444676277438
"1490",280.42405421469
"1491",280.403436695799
"1492",280.382823696686
"1493",280.362215190089
"1494",280.341611145555
"1495",280.321011529454
"1496",280.300416304967
"1497",280.279825432088
"1498",280.259238895037
"1499",280.238656730931
"1500",280.218079004271
"1501",280.197505780179
"1502",280.176937124397
"1503",280.156373103284
"1504",280.135813783814
"1505",280.115259233579
"1506",280.094709520784
"1507",280.074164714245
"1508",280.053624883389
"1509",280.033090098253
"1510",280.012560429485
"1511",279.992035948334
"1512",279.97151672666
"1513",279.951002836919
"1514",279.930494352176
"1515",279.90999134609
"1516",279.889493892923
"1517",279.869002067531
"1518",279.848515945363
"1519",279.828035602462
"1520",279.807561115463
"1521",279.787092561586
"1522",279.766630018641
"1523",279.746173565022
"1524",279.725723279704
"1525",279.705279242244
"1526",279.684841532773
"1527",279.664410232002
"1528",279.643985421215
"1529",279.623567182264
"1530",279.603155597574
"1531",279.58275075013
"1532",279.562352723487
"1533",279.541961601757
"1534",279.521577469613
"1535",279.501200412283
"1536",279.480830515544
"1537",279.46046786573
"1538",279.440112549719
"1539",279.419764654935
"1540",279.399424269339
"1541",279.379091481438
"1542",279.358766380271
"1543",279.338449055407
"1544",279.318139596951
"1545",279.29783809553
"1546",279.277544642292
"1547",279.257259328913
"1548",279.236982247577
"1549",279.21671347055
"1550",279.196453030161
"1551",279.176200939862
"1552",279.155957214856
"1553",279.135721872097
"1554",279.115494930292
"1555",279.09527640989
"1556",279.075066333085
"1557",279.05486472381
"1558",279.034671607736
"1559",279.014487012267
"1560",278.994310966541
"1561",278.97414350142
"1562",278.953984649494
"1563",278.933834445076
"1564",278.913692924195
"1565",278.893560124599
"1566",278.873436085742
"1567",278.853320848795
"1568",278.833214456629
"1569",278.813116953816
"1570",278.793028386631
"1571",278.772948803041
"1572",278.752878252702
"1573",278.732816786959
"1574",278.71276445884
"1575",278.692721323051
"1576",278.672687435976
"1577",278.652662855666
"1578",278.632647641839
"1579",278.612641855876
"1580",278.592645560816
"1581",278.572658821349
"1582",278.552681703817
"1583",278.532714276201
"1584",278.512756608121
"1585",278.492808770835
"1586",278.472870837224
"1587",278.452942881795
"1588",278.43302498067
"1589",278.413117211586
"1590",278.393219653883
"1591",278.373332388504
"1592",278.353455497988
"1593",278.333589066458
"1594",278.313733179623
"1595",278.293887924768
"1596",278.274053390743
"1597",278.254229667968
"1598",278.234416848412
"1599",278.214615025598
"1600",278.19482429459
"1601",278.175044729383
"1602",278.155276359872
"1603",278.135519193796
"1604",278.115773239117
"1605",278.096038504014
"1606",278.076314996887
"1607",278.056602726355
"1608",278.036901701255
"1609",278.017211930642
"1610",277.997533423788
"1611",277.977866190179
"1612",277.95821023952
"1613",277.938565581728
"1614",277.918932226934
"1615",277.89931018549
"1616",277.879699467948
"1617",277.860100085085
"1618",277.840512047882
"1619",277.820935367536
"1620",277.801370055449
"1621",277.781816123236
"1622",277.762273582723
"1623",277.742742445942
"1624",277.723222725132
"1625",277.70371443274
"1626",277.68421758142
"1627",277.664732184032
"1628",277.645258253639
"1629",277.625795803512
"1630",277.606344847123
"1631",277.586905398147
"1632",277.567477470462
"1633",277.548061078147
"1634",277.528656235485
"1635",277.509262956954
"1636",277.489881257239
"1637",277.470511151214
"1638",277.451152653959
"1639",277.43180578075
"1640",277.412470547056
"1641",277.393146968547
"1642",277.373835061086
"1643",277.354534840728
"1644",277.335246323727
"1645",277.315969526527
"1646",277.296704465764
"1647",277.277451158268
"1648",277.258209621058
"1649",277.238979871343
"1650",277.219761926521
"1651",277.200555804184
"1652",277.181361519584
"1653",277.162179083043
"1654",277.143008502331
"1655",277.123849785142
"1656",277.104702939097
"1657",277.08556797174
"1658",277.066444890544
"1659",277.047333702902
"1660",277.028234416137
"1661",277.009147037498
"1662",276.990071574158
"1663",276.971008033217
"1664",276.951956421702
"1665",276.932916746566
"1666",276.913889014688
"1667",276.894873232878
"1668",276.875869407868
"1669",276.856877546321
"1670",276.837897654824
"1671",276.818929739898
"1672",276.799973807986
"1673",276.781029865461
"1674",276.762097918624
"1675",276.743177973705
"1676",276.724270036865
"1677",276.705374114189
"1678",276.686490211696
"1679",276.667618335331
"1680",276.648758490968
"1681",276.629910684415
"1682",276.611074921404
"1683",276.592251207602
"1684",276.573439548603
"1685",276.554639949934
"1686",276.535852417049
"1687",276.517076955338
"1688",276.498313570117
"1689",276.479562266635
"1690",276.460823050074
"1691",276.442095925544
"1692",276.423380898091
"1693",276.40467797269
"1694",276.38598715425
"1695",276.367308447609
"1696",276.348641857543
"1697",276.329987388756
"1698",276.311345045886
"1699",276.292714833506
"1700",276.274096756121
"1701",276.255490818168
"1702",276.236897024022
"1703",276.218315377986
"1704",276.199745883244
"1705",276.181188540852
"1706",276.162643350919
"1707",276.144110313689
"1708",276.125589429547
"1709",276.107080699011
"1710",276.088584122741
"1711",276.070099701532
"1712",276.051627436316
"1713",276.033167328162
"1714",276.014719378274
"1715",275.996283587993
"1716",275.97785995879
"1717",275.959448492276
"1718",275.941049190195
"1719",275.922662054424
"1720",275.904287086971
"1721",275.885924289982
"1722",275.867573665731
"1723",275.849235216626
"1724",275.830908945206
"1725",275.812594854141
"1726",275.794292946233
"1727",275.776003224412
"1728",275.757725691742
"1729",275.739460351411
"1730",275.72120720674
"1731",275.702966261178
"1732",275.684737518303
"1733",275.666520981817
"1734",275.648316655553
"1735",275.630124543471
"1736",275.611944649655
"1737",275.593776978317
"1738",275.575621533794
"1739",275.557478320549
"1740",275.539347343169
"1741",275.521228606366
"1742",275.503122114975
"1743",275.485027873956
"1744",275.466945888389
"1745",275.448876163482
"1746",275.430818704559
"1747",275.412773517072
"1748",275.394740606589
"1749",275.376719978801
"1750",275.358711639522
"1751",275.340715594682
"1752",275.322731850333
"1753",275.304760412645
"1754",275.286801287906
"1755",275.268854482528
"1756",275.250920002532
"1757",275.232997853011
"1758",275.215088038556
"1759",275.19719056373
"1760",275.179305433072
"1761",275.161432651092
"1762",275.143572222281
"1763",275.125724151096
"1764",275.107888441975
"1765",275.090065099328
"1766",275.072254127539
"1767",275.054455530968
"1768",275.03666931395
"1769",275.018895480792
"1770",275.001134035778
"1771",274.98338498317
"1772",274.965648327199
"1773",274.947924072074
"1774",274.93021222198
"1775",274.912512781077
"1776",274.894825753499
"1777",274.877151143355
"1778",274.859488954732
"1779",274.841839191691
"1780",274.824201858266
"1781",274.806576958474
"1782",274.788964496298
"1783",274.771364475705
"1784",274.753776900634
"1785",274.736201775
"1786",274.718639102694
"1787",274.701088887584
"1788",274.683551133515
"1789",274.666025844307
"1790",274.648513023754
"1791",274.63101267563
"1792",274.613524803686
"1793",274.596049411645
"1794",274.57858650321
"1795",274.561136082058
"1796",274.543698151848
"1797",274.526272716211
"1798",274.508859778755
"1799",274.491459343067
"1800",274.474071412711
"1801",274.456695991225
"1802",274.439333082127
"1803",274.421982688913
"1804",274.404644815054
"1805",274.387319464
"1806",274.370006639176
"1807",274.352706343985
"1808",274.335418582155
"1809",274.318143358045
"1810",274.300880676282
"1811",274.283630541405
"1812",274.266392957866
"1813",274.249167930028
"1814",274.23195546217
"1815",274.214755558483
"1816",274.197568223071
"1817",274.180393459953
"1818",274.163231273062
"1819",274.146081666246
"1820",274.128944643268
"1821",274.111820207805
"1822",274.094708363449
"1823",274.077609113712
"1824",274.060522462018
"1825",274.043448411707
"1826",274.026386966039
"1827",274.00933812819
"1828",273.99230190125
"1829",273.975278288229
"1830",273.958267292058
"1831",273.941268915581
"1832",273.924283161562
"1833",273.907310032686
"1834",273.890349531555
"1835",273.873401660688
"1836",273.856466422529
"1837",273.83954381944
"1838",273.8226338537
"1839",273.805736527511
"1840",273.788851842998
"1841",273.771979802205
"1842",273.755120407096
"1843",273.738273659557
"1844",273.7214395614
"1845",273.704618114355
"1846",273.687809320077
"1847",273.671013180143
"1848",273.654229696051
"1849",273.637458869229
"1850",273.620700701019
"1851",273.6039551927
"1852",273.587222345463
"1853",273.57050216043
"1854",273.553794638648
"1855",273.537099781088
"1856",273.520417588645
"1857",273.503748062145
"1858",273.487091202335
"1859",273.47044700965
"1860",273.453815484046
"1861",273.437196625352
"1862",273.42059043355
"1863",273.403996908775
"1864",273.387416051311
"1865",273.370847861595
"1866",273.354292340211
"1867",273.337749487897
"1868",273.321219305536
"1869",273.304701794162
"1870",273.288196954956
"1871",273.271704789248
"1872",273.255225298512
"1873",273.238758484373
"1874",273.222304348595
"1875",273.205862893096
"1876",273.189434119932
"1877",273.173018031306
"1878",273.156614629564
"1879",273.140223917196
"1880",273.123845896835
"1881",273.107480571255
"1882",273.091127943371
"1883",273.074788016242
"1884",273.058460793066
"1885",273.042146277177
"1886",273.025844472053
"1887",273.009555381313
"1888",272.993279008708
"1889",272.977015358133
"1890",272.960764433616
"1891",272.944526239322
"1892",272.928300779555
"1893",272.912088058752
"1894",272.895888081488
"1895",272.879700852468
"1896",272.863526376534
"1897",272.847364658663
"1898",272.831215703963
"1899",272.815079517671
"1900",272.798956105162
"1901",272.782845471941
"1902",272.766747623638
"1903",272.750662566021
"1904",272.734590304982
"1905",272.718530846545
"1906",272.70248419686
"1907",272.686450362209
"1908",272.670429348998
"1909",272.654421163758
"1910",272.638425813154
"1911",272.622443303747
"1912",272.606473641704
"1913",272.590516832876
"1914",272.57457288299
"1915",272.558641797641
"1916",272.542723582295
"1917",272.526818242291
"1918",272.510925782836
"1919",272.495046209012
"1920",272.479179525774
"1921",272.463325737949
"1922",272.447484850239
"1923",272.431656867218
"1924",272.415841793338
"1925",272.400039632923
"1926",272.384250390173
"1927",272.368474069165
"1928",272.352710673852
"1929",272.336960208066
"1930",272.321222675513
"1931",272.30549807978
"1932",272.289786424331
"1933",272.274087712507
"1934",272.258401947535
"1935",272.242729132513
"1936",272.227069270426
"1937",272.211422364138
"1938",272.195788416394
"1939",272.180167429819
"1940",272.164559406924
"1941",272.1489643501
"1942",272.133382261622
"1943",272.117813143649
"1944",272.102256998226
"1945",272.086713827279
"1946",272.071183632621
"1947",272.055666415951
"1948",272.040162178855
"1949",272.024670922802
"1950",272.009192649152
"1951",271.993727359153
"1952",271.978275053938
"1953",271.962835734527
"1954",271.947409401837
"1955",271.931996056668
"1956",271.916595699709
"1957",271.901208331545
"1958",271.885833952648
"1959",271.870472563382
"1960",271.855124164006
"1961",271.839788754666
"1962",271.824466335712
"1963",271.809156908049
"1964",271.793860472911
"1965",271.77857703158
"1966",271.763306585388
"1967",271.748049135711
"1968",271.732804683979
"1969",271.717573231661
"1970",271.702354780282
"1971",271.687149331409
"1972",271.671956886656
"1973",271.656777447689
"1974",271.641611016215
"1975",271.626457593988
"1976",271.611317182813
"1977",271.596189784538
"1978",271.581075401055
"1979",271.565974034305
"1980",271.550885686274
"1981",271.535810358992
"1982",271.520748054535
"1983",271.505698775026
"1984",271.490662522628
"1985",271.475639299555
"1986",271.46062910806
"1987",271.445631950445
"1988",271.430647829052
"1989",271.41567674627
"1990",271.400718704529
"1991",271.385773706307
"1992",271.37084175412
"1993",271.355922850531
"1994",271.341016998145
"1995",271.326124199611
"1996",271.311244457618
"1997",271.2963777749
"1998",271.281524154231
"1999",271.266683598431
"2000",271.251856110358
"2001",271.237041692914
"2002",271.222240349041
"2003",271.207452081724
"2004",271.192676893989
"2005",271.177914788903
"2006",271.163165769574
"2007",271.148429839148
"2008",271.133707000815
"2009",271.118997257804
"2010",271.104300613386
"2011",271.089617070867
"2012",271.074946633598
"2013",271.060289304968
"2014",271.045645088313
"2015",271.031013986823
"2016",271.016396003624
"2017",271.001791141848
"2018",270.987199404656
"2019",270.972620795222
"2020",270.958055316737
"2021",270.943502972411
"2022",270.928963765468
"2023",270.914437699153
"2024",270.899924776728
"2025",270.885425001469
"2026",270.870938376671
"2027",270.856464905645
"2028",270.842004591721
"2029",270.827557438242
"2030",270.81312344857
"2031",270.798702626084
"2032",270.784294974178
"2033",270.769900496261
"2034",270.755519195762
"2035",270.741151076123
"2036",270.726796140804
"2037",270.712454393281
"2038",270.698125837043
"2039",270.683810475598
"2040",270.669508312471
"2041",270.655219351197
"2042",270.640943595332
"2043",270.626681048444
"2044",270.612431714117
"2045",270.598195595953
"2046",270.583972697567
"2047",270.569763022589
"2048",270.555566574662
"2049",270.541383357452
"2050",270.527213374628
"2051",270.513056629884
"2052",270.498913126925
"2053",270.484782869465
"2054",270.470665861244
"2055",270.456562106007
"2056",270.442471607518
"2057",270.428394369551
"2058",270.414330395899
"2059",270.400279690368
"2060",270.386242256773
"2061",270.372218098951
"2062",270.358207220747
"2063",270.344209626021
"2064",270.330225318648
"2065",270.316254302229
"2066",270.302296579799
"2067",270.288352154082
"2068",270.27442102777
"2069",270.260503203519
"2070",270.246598683958
"2071",270.232707471681
"2072",270.218829569249
"2073",270.204964979194
"2074",270.191113704014
"2075",270.177275746176
"2076",270.163451108114
"2077",270.149639792234
"2078",270.135841800909
"2079",270.122057136482
"2080",270.108285801263
"2081",270.094527797532
"2082",270.080783127541
"2083",270.067051793508
"2084",270.053333797624
"2085",270.039629142047
"2086",270.025937828907
"2087",270.012259860305
"2088",269.99859523831
"2089",269.984943964963
"2090",269.971306042275
"2091",269.95768147223
"2092",269.944070256781
"2093",269.930472397849
"2094",269.916887897333
"2095",269.9033167571
"2096",269.889758978988
"2097",269.876214564808
"2098",269.862683516343
"2099",269.849165835346
"2100",269.835661523546
"2101",269.822170582642
"2102",269.808693014303
"2103",269.795228820178
"2104",269.78177800188
"2105",269.768340561002
"2106",269.754916499108
"2107",269.741505817733
"2108",269.728108518389
"2109",269.714724602557
"2110",269.701354071699
"2111",269.687996927243
"2112",269.674653170599
"2113",269.661322803142
"2114",269.648005826229
"2115",269.634702241189
"2116",269.621412049326
"2117",269.60813525226
"2118",269.594871852292
"2119",269.581621852078
"2120",269.568385254301
"2121",269.555162061666
"2122",269.541952276902
"2123",269.528755902764
"2124",269.515572942029
"2125",269.502403397497
"2126",269.489247271992
"2127",269.476104568362
"2128",269.462975289478
"2129",269.449859438232
"2130",269.436757017542
"2131",269.423668030348
"2132",269.410592479609
"2133",269.397530368313
"2134",269.384481699464
"2135",269.371446476096
"2136",269.358424701258
"2137",269.345416378023
"2138",269.332421509487
"2139",269.319440098769
"2140",269.306472149007
"2141",269.293517663362
"2142",269.28057664502
"2143",269.267649097179
"2144",269.254735023068
"2145",269.241834425932
"2146",269.228947309039
"2147",269.216073675677
"2148",269.203213529154
"2149",269.190366872802
"2150",269.177533709967
"2151",269.164714044023
"2152",269.151907878359
"2153",269.139115216388
"2154",269.126336061538
"2155",269.113570417262
"2156",269.100818287032
"2157",269.088079674334
"2158",269.075354582681
"2159",269.062643015603
"2160",269.049944976647
"2161",269.037260469381
"2162",269.024589497393
"2163",269.011932064288
"2164",268.99928817369
"2165",268.986657829245
"2166",268.974041034612
"2167",268.961437793471
"2168",268.948848109275
"2169",268.936271984981
"2170",268.923709423294
"2171",268.911160426903
"2172",268.898624998484
"2173",268.886103140702
"2174",268.873594856209
"2175",268.861100147643
"2176",268.84861901763
"2177",268.836151468783
"2178",268.823697503705
"2179",268.811257124981
"2180",268.79883033519
"2181",268.786417136893
"2182",268.774017532642
"2183",268.761631524978
"2184",268.749259116426
"2185",268.736900309502
"2186",268.724555106709
"2187",268.712223510538
"2188",268.699905523467
"2189",268.687601147964
"2190",268.675310386486
"2191",268.663033241475
"2192",268.650769715366
"2193",268.638519810578
"2194",268.62628352952
"2195",268.614060874592
"2196",268.601851848179
"2197",268.589656452658
"2198",268.577474690392
"2199",268.565306563737
"2200",268.553152075033
"2201",268.54101122661
"2202",268.528884020793
"2203",268.516770459887
"2204",268.504670546194
"2205",268.492584282001
"2206",268.480511669584
"2207",268.468452711213
"2208",268.456407409143
"2209",268.444375765619
"2210",268.43235778288
"2211",268.420353463149
"2212",268.408362808641
"2213",268.396385821563
"2214",268.384422504107
"2215",268.372472858463
"2216",268.360536886802
"2217",268.348614591292
"2218",268.336705974087
"2219",268.324811037335
"2220",268.312929783268
"2221",268.301062214322
"2222",268.289208333029
"2223",268.277368141938
"2224",268.265541643602
"2225",268.253728840584
"2226",268.241929735457
"2227",268.230144330801
"2228",268.218372629204
"2229",268.206614633266
"2230",268.194870345593
"2231",268.1831397688
"2232",268.171422905509
"2233",268.159719758354
"2234",268.148030329975
"2235",268.136354623019
"2236",268.124692640144
"2237",268.113044384017
"2238",268.101409857307
"2239",268.0897890627
"2240",268.078182002884
"2241",268.066588680557
"2242",268.055009098422
"2243",268.043443259196
"2244",268.031891165601
"2245",268.020352820364
"2246",268.008828226223
"2247",267.997317385923
"2248",267.985820302218
"2249",267.974336977867
"2250",267.962867415639
"2251",267.951411618309
"2252",267.939969588661
"2253",267.928541329484
"2254",267.917126843578
"2255",267.905726133749
"2256",267.894339202806
"2257",267.882966053575
"2258",267.871606688878
"2259",267.860261111554
"2260",267.848929324441
"2261",267.83761133039
"2262",267.826307132258
"2263",267.815016732906
"2264",267.803740135205
"2265",267.792477342031
"2266",267.781228356268
"2267",267.769993180807
"2268",267.758771818546
"2269",267.747564272388
"2270",267.736370545244
"2271",267.725190640007
"2272",267.71402455953
"2273",267.702872306629
"2274",267.69173388412
"2275",267.680609294809
"2276",267.669498541489
"2277",267.658401626954
"2278",267.647318553984
"2279",267.636249325352
"2280",267.625193943829
"2281",267.61415241217
"2282",267.603124733128
"2283",267.592110909448
"2284",267.581110943867
"2285",267.570124839114
"2286",267.559152597911
"2287",267.548194222972
"2288",267.537249717008
"2289",267.526319082716
"2290",267.515402322791
"2291",267.504499439919
"2292",267.49361043678
"2293",267.482735316046
"2294",267.471874080382
"2295",267.461026732445
"2296",267.450193274888
"2297",267.439373710355
"2298",267.428568041485
"2299",267.417776270908
"2300",267.406998401248
"2301",267.396234435124
"2302",267.385484375146
"2303",267.374748223921
"2304",267.364025984043
"2305",267.353317658106
"2306",267.342623248696
"2307",267.33194275839
"2308",267.32127618976
"2309",267.310623545374
"2310",267.299984827791
"2311",267.289360039563
"2312",267.27874918324
"2313",267.268152261361
"2314",267.257569276464
"2315",267.247000231076
"2316",267.23644512772
"2317",267.225903968914
"2318",267.21537675717
"2319",267.204863494992
"2320",267.194364184882
"2321",267.183878829332
"2322",267.17340743083
"2323",267.162949991793
"2324",267.152506514504
"2325",267.142077001195
"2326",267.131661454111
"2327",267.121259875517
"2328",267.110872267694
"2329",267.100498632936
"2330",267.090138973557
"2331",267.079793291886
"2332",267.069461590268
"2333",267.059143871065
"2334",267.048840136652
"2335",267.038550389423
"2336",267.028274631786
"2337",267.018012866165
"2338",267.007765095001
"2339",266.997531320747
"2340",266.987311545875
"2341",266.977105772869
"2342",266.966914004231
"2343",266.956736242478
"2344",266.946572490138
"2345",266.936422749758
"2346",266.9262870239
"2347",266.916165315137
"2348",266.906057626059
"2349",266.895963959272
"2350",266.885884317394
"2351",266.875818703056
"2352",266.865767118907
"2353",266.855729567609
"2354",266.845706051837
"2355",266.835696574279
"2356",266.825701137639
"2357",266.815719744634
"2358",266.805752397994
"2359",266.795799100464
"2360",266.7858598548
"2361",266.775934663774
"2362",266.76602353017
"2363",266.756126456786
"2364",266.746243446431
"2365",266.73637450193
"2366",266.72651962612
"2367",266.716678821846
"2368",266.706852091974
"2369",266.697039439377
"2370",266.687240866941
"2371",266.677456377566
"2372",266.667685974165
"2373",266.657929659661
"2374",266.648187436968
"2375",266.638459308966
"2376",266.628745278508
"2377",266.619045348432
"2378",266.609359521567
"2379",266.599687800736
"2380",266.590030188745
"2381",266.580386688393
"2382",266.570757302467
"2383",266.561142033746
"2384",266.551540884998
"2385",266.541953858979
"2386",266.532380958436
"2387",266.522822186106
"2388",266.513277544718
"2389",266.503747036987
"2390",266.494230665623
"2391",266.48472843332
"2392",266.47524034277
"2393",266.465766396651
"2394",266.456306597628
"2395",266.446860948367
"2396",266.437429451513
"2397",266.42801210971
"2398",266.418608925587
"2399",266.409219901769
"2400",266.399845040868
"2401",266.390484345487
"2402",266.381137818225
"2403",266.371805461667
"2404",266.36248727839
"2405",266.353183270963
"2406",266.343893441949
"2407",266.334617793897
"2408",266.325356329351
"2409",266.316109050846
"2410",266.30687596091
"2411",266.297657062057
"2412",266.288452356802
"2413",266.279261847644
"2414",266.270085537078
"2415",266.26092342759
"2416",266.251775521656
"2417",266.242641821748
"2418",266.233522330326
"2419",266.224417049848
"2420",266.215325982757
"2421",266.206249131495
"2422",266.197186498493
"2423",266.188138086174
"2424",266.179103896958
"2425",266.170083933253
"2426",266.161078197507
"2427",266.152086692261
"2428",266.143109420102
"2429",266.134146383627
"2430",266.125197585436
"2431",266.116263028135
"2432",266.107342714339
"2433",266.098436646668
"2434",266.089544827746
"2435",266.080667260204
"2436",266.07180394668
"2437",266.062954889816
"2438",266.05412009226
"2439",266.045299556666
"2440",266.036493285694
"2441",266.027701282012
"2442",266.018923548288
"2443",266.010160087199
"2444",266.001410901429
"2445",265.992675993664
"2446",265.983955366597
"2447",265.975249022929
"2448",265.966556965361
"2449",265.957879196604
"2450",265.94921571937
"2451",265.940566536383
"2452",265.931931650365
"2453",265.923311064046
"2454",265.914704780162
"2455",265.906112801453
"2456",265.897535130664
"2457",265.888971770546
"2458",265.880422723853
"2459",265.871887993347
"2460",265.863367581792
"2461",265.854861491958
"2462",265.846369726619
"2463",265.837892288555
"2464",265.82942918055
"2465",265.820980405394
"2466",265.812545965878
"2467",265.804125864802
"2468",265.795720104969
"2469",265.787328689183
"2470",265.778951620258
"2471",265.77058890101
"2472",265.762240534257
"2473",265.753906522826
"2474",265.745586869546
"2475",265.737281577248
"2476",265.728990648772
"2477",265.720714086944
"2478",265.712451894565
"2479",265.704204074418
"2480",265.695970629277
"2481",265.687751561912
"2482",265.679546875087
"2483",265.671356571554
"2484",265.663180654067
"2485",265.655019125366
"2486",265.646871988188
"2487",265.638739245266
"2488",265.630620899325
"2489",265.622516953082
"2490",265.614427409248
"2491",265.606352270533
"2492",265.598291539634
"2493",265.590245219249
"2494",265.582213312067
"2495",265.574195820768
"2496",265.566192748032
"2497",265.558204096528
"2498",265.550229868926
"2499",265.542270067883
"2500",265.534324696055
"2501",265.526393756094
"2502",265.518477250641
"2503",265.510575182338
"2504",265.502687553815
"2505",265.494814367704
"2506",265.486955626626
"2507",265.4791113332
"2508",265.47128149004
"2509",265.463466099752
"2510",265.455665164941
"2511",265.447878688205
"2512",265.440106672137
"2513",265.432349119326
"2514",265.424606032355
"2515",265.416877413806
"2516",265.409163266251
"2517",265.401463592262
"2518",265.393778394403
"2519",265.386107675237
"2520",265.37845143732
"2521",265.370809683204
"2522",265.363182415439
"2523",265.355569636568
"2524",265.347971349132
"2525",265.340387555665
"2526",265.332818258699
"2527",265.325263460765
"2528",265.317723164382
"2529",265.310197372105
"2530",265.302686086542
"2531",265.295189310335
"2532",265.287707046134
"2533",265.280239296594
"2534",265.27278606437
"2535",265.265347352126
"2536",265.25792316253
"2537",265.250513498253
"2538",265.243118361974
"2539",265.235737756373
"2540",265.228371684136
"2541",265.221020147953
"2542",265.213683150523
"2543",265.206360694541
"2544",265.199052782714
"2545",265.191759417749
"2546",265.184480602359
"2547",265.177216339261
"2548",265.169966631179
"2549",265.162731480835
"2550",265.155510890962
"2551",265.148304864292
"2552",265.141113403564
"2553",265.133936511522
"2554",265.12677419091
"2555",265.119626444481
"2556",265.112493274987
"2557",265.10537468519
"2558",265.098270677848
"2559",265.091181255731
"2560",265.084106421608
"2561",265.077046178252
"2562",265.070000528443
"2563",265.062969474961
"2564",265.055953020592
"2565",265.048951168125
"2566",265.041963920354
"2567",265.034991280073
"2568",265.028033250081
"2569",265.021089833185
"2570",265.014161032189
"2571",265.007246849905
"2572",265.000347289147
"2573",264.993462352729
"2574",264.986592043476
"2575",264.979736364208
"2576",264.972895317754
"2577",264.966068906945
"2578",264.959257134613
"2579",264.952460003594
"2580",264.945677516731
"2581",264.938909676789
"2582",264.932156486392
"2583",264.925417948091
"2584",264.918694064451
"2585",264.911984838037
"2586",264.905290271427
"2587",264.898610367206
"2588",264.891945127963
"2589",264.885294556298
"2590",264.878658654815
"2591",264.872037426129
"2592",264.86543087286
"2593",264.858838997632
"2594",264.852261803084
"2595",264.845699291853
"2596",264.839151466589
"2597",264.832618329947
"2598",264.826099884588
"2599",264.81959613318
"2600",264.813107078399
"2601",264.806632722928
"2602",264.800173069451
"2603",264.793728120668
"2604",264.787297879277
"2605",264.780882347987
"2606",264.774481529511
"2607",264.768095426571
"2608",264.76172404189
"2609",264.755367378205
"2610",264.74902543825
"2611",264.742698224775
"2612",264.736385740526
"2613",264.730087988262
"2614",264.723804970746
"2615",264.717536690744
"2616",264.711283151032
"2617",264.70504435439
"2618",264.6988203036
"2619",264.692611001457
"2620",264.686416450756
"2621",264.680236654298
"2622",264.674071614892
"2623",264.667921335349
"2624",264.661785818487
"2625",264.65566506713
"2626",264.649559084105
"2627",264.643467872246
"2628",264.637391434392
"2629",264.631329773385
"2630",264.625282892074
"2631",264.619250793313
"2632",264.613233479957
"2633",264.607230954833
"2634",264.60124322069
"2635",264.59527028024
"2636",264.589312136195
"2637",264.583368791271
"2638",264.577440248181
"2639",264.571526509639
"2640",264.565627578361
"2641",264.559743457063
"2642",264.55387414846
"2643",264.548019655271
"2644",264.542179980213
"2645",264.536355126002
"2646",264.53054509536
"2647",264.524749891006
"2648",264.518969515658
"2649",264.513203972038
"2650",264.50745326287
"2651",264.501717390871
"2652",264.495996358768
"2653",264.490290169283
"2654",264.484598825141
"2655",264.478922329066
"2656",264.473260683784
"2657",264.467613892022
"2658",264.461981956508
"2659",264.456364879967
"2660",264.450762665131
"2661",264.445175314728
"2662",264.439602831488
"2663",264.434045218143
"2664",264.428502477425
"2665",264.422974612066
"2666",264.417461624801
"2667",264.411963518364
"2668",264.406480295489
"2669",264.401011958913
"2670",264.395558511374
"2671",264.390119955609
"2672",264.384696294358
"2673",264.379287530359
"2674",264.373893666353
"2675",264.368514705085
"2676",264.363150649293
"2677",264.357801501723
"2678",264.352467265119
"2679",264.347147942228
"2680",264.341843535794
"2681",264.336554048566
"2682",264.33127948329
"2683",264.32601984272
"2684",264.320775129616
"2685",264.315545346768
"2686",264.310330496978
"2687",264.305130583046
"2688",264.299945607777
"2689",264.294775573971
"2690",264.289620484431
"2691",264.284480341955
"2692",264.279355149351
"2693",264.274244909417
"2694",264.269149624958
"2695",264.264069298774
"2696",264.259003933667
"2697",264.253953532444
"2698",264.248918097904
"2699",264.243897632851
"2700",264.238892140088
"2701",264.23390162242
"2702",264.228926082648
"2703",264.223965523579
"2704",264.219019948016
"2705",264.214089358764
"2706",264.209173758627
"2707",264.204273150411
"2708",264.199387536923
"2709",264.194516920965
"2710",264.189661305348
"2711",264.184820692878
"2712",264.179995086359
"2713",264.175184488603
"2714",264.170388902415
"2715",264.165608330606
"2716",264.160842775984
"2717",264.156092241359
"2718",264.15135672954
"2719",264.14663624334
"2720",264.141930785569
"2721",264.13724035904
"2722",264.132564966565
"2723",264.127904610957
"2724",264.123259295029
"2725",264.118629021597
"2726",264.114013793476
"2727",264.109413613483
"2728",264.104828484432
"2729",264.100258409142
"2730",264.095703390432
"2731",264.091163431119
"2732",264.086638534023
"2733",264.082128701965
"2734",264.077633937768
"2735",264.073154244252
"2736",264.068689624239
"2737",264.064240080545
"2738",264.059805615989
"2739",264.055386233392
"2740",264.05098193558
"2741",264.046592725378
"2742",264.04221860562
"2743",264.037859579139
"2744",264.033515648774
"2745",264.029186817363
"2746",264.024873087754
"2747",264.020574462793
"2748",264.01629094533
"2749",264.012022538219
"2750",264.007769244316
"2751",264.003531066482
"2752",263.999308007578
"2753",263.995100070473
"2754",263.990907258034
"2755",263.986729573133
"2756",263.982567018646
"2757",263.978419597451
"2758",263.974287312427
"2759",263.970170166459
"2760",263.966068162434
"2761",263.961981303243
"2762",263.957909591774
"2763",263.953853030928
"2764",263.949811623599
"2765",263.94578537269
"2766",263.941774281105
"2767",263.937778351748
"2768",263.933797587531
"2769",263.929831991363
"2770",263.925881566162
"2771",263.921946314842
"2772",263.918026240325
"2773",263.914121345533
"2774",263.910231633391
"2775",263.906357106826
"2776",263.902497768769
"2777",263.898653622153
"2778",263.894824669914
"2779",263.891010914988
"2780",263.887212360317
"2781",263.883429008842
"2782",263.87966086351
"2783",263.875907927266
"2784",263.872170203062
"2785",263.86844769385
"2786",263.864740402585
"2787",263.861048332197
"2788",263.857371485567
"2789",263.853709865558
"2790",263.850063475032
"2791",263.846432316859
"2792",263.842816393914
"2793",263.839215709075
"2794",263.835630265225
"2795",263.832060065252
"2796",263.82850511205
"2797",263.824965408512
"2798",263.821440957542
"2799",263.817931762045
"2800",263.814437824928
"2801",263.81095914911
"2802",263.807495737506
"2803",263.80404759304
"2804",263.800614718637
"2805",263.797197117231
"2806",263.793794791753
"2807",263.790407745147
"2808",263.787035980352
"2809",263.783679500316
"2810",263.780338307993
"2811",263.777012406335
"2812",263.773701798302
"2813",263.770406486858
"2814",263.767126474968
"2815",263.763861765604
"2816",263.760612361739
"2817",263.757378266351
"2818",263.754159482423
"2819",263.750956012938
"2820",263.747767860887
"2821",263.744595029261
"2822",263.741437521058
"2823",263.738295339274
"2824",263.735168486915
"2825",263.732056966986
"2826",263.728960782497
"2827",263.725879936461
"2828",263.722814431895
"2829",263.719764271817
"2830",263.716729459251
"2831",263.713709997223
"2832",263.710705888762
"2833",263.707717136899
"2834",263.704743744673
"2835",263.701785715119
"2836",263.69884305128
"2837",263.695915756198
"2838",263.693003832924
"2839",263.690107284488
"2840",263.687226113887
"2841",263.684360324104
"2842",263.681509918127
"2843",263.678674898944
"2844",263.67585526955
"2845",263.673051032942
"2846",263.670262192121
"2847",263.667488750091
"2848",263.664730709861
"2849",263.661988074441
"2850",263.659260846848
"2851",263.6565490301
"2852",263.65385262722
"2853",263.651171641231
"2854",263.648506075165
"2855",263.645855932052
"2856",263.64322121493
"2857",263.640601926837
"2858",263.637998070817
"2859",263.635409649915
"2860",263.632836667181
"2861",263.630279125667
"2862",263.62773702843
"2863",263.625210378529
"2864",263.622699179027
"2865",263.620203432989
"2866",263.617723143484
"2867",263.615258313585
"2868",263.612808946369
"2869",263.610375044911
"2870",263.607956612297
"2871",263.60555365161
"2872",263.603166165937
"2873",263.600794158371
"2874",263.598437632007
"2875",263.59609658994
"2876",263.593771035272
"2877",263.591460971107
"2878",263.589166400551
"2879",263.586887326713
"2880",263.584623752706
"2881",263.582375681646
"2882",263.580143116651
"2883",263.577926060841
"2884",263.575724517342
"2885",263.573538489281
"2886",263.571367979788
"2887",263.569212991996
"2888",263.567073529039
"2889",263.564949594058
"2890",263.562841190183
"2891",263.560748320536
"2892",263.558670988229
"2893",263.556609196378
"2894",263.554562948105
"2895",263.552532246536
"2896",263.550517094796
"2897",263.548517496018
"2898",263.546533453336
"2899",263.544564969889
"2900",263.542612048818
"2901",263.540674693269
"2902",263.538752906391
"2903",263.536846691335
"2904",263.534956051256
"2905",263.533080989315
"2906",263.531221508674
"2907",263.529377612499
"2908",263.527549303957
"2909",263.525736586223
"2910",263.523939462472
"2911",263.522157935884
"2912",263.520392009641
"2913",263.518641686929
"2914",263.516906970938
"2915",263.51518786486
"2916",263.513484371891
"2917",263.511796495232
"2918",263.510124238083
"2919",263.508467603651
"2920",263.506826595148
"2921",263.50520121578
"2922",263.503591468769
"2923",263.501997357331
"2924",263.500418884688
"2925",263.498856054065
"2926",263.497308868694
"2927",263.495777331803
"2928",263.494261446628
"2929",263.492761216409
"2930",263.491276644384
"2931",263.489807733799
"2932",263.488354487903
"2933",263.486916909947
"2934",263.485495003182
"2935",263.484088770867
"2936",263.482698216261
"2937",263.48132334263
"2938",263.479964153237
"2939",263.478620651353
"2940",263.477292840251
"2941",263.475980723206
"2942",263.474684303488
"2943",263.473403584363
"2944",263.472138569089
"2945",263.470889260934
"2946",263.469655663163
"2947",263.468437779055
"2948",263.467235611886
"2949",263.46604916494
"2950",263.464878441504
"2951",263.46372344487
"2952",263.462584178335
"2953",263.4614606452
"2954",263.460352848771
"2955",263.459260792355
"2956",263.458184479269
"2957",263.457123912828
"2958",263.456079096356
"2959",263.455050033178
"2960",263.454036726627
"2961",263.453039180035
"2962",263.452057396742
"2963",263.45109138009
"2964",263.450141133427
"2965",263.449206660103
"2966",263.448287963473
"2967",263.447385046894
"2968",263.446497913731
"2969",263.44562656735
"2970",263.44477101112
"2971",263.443931248415
"2972",263.443107282615
"2973",263.4422991171
"2974",263.441506755253
"2975",263.440730200468
"2976",263.439969456133
"2977",263.439224525647
"2978",263.438495412409
"2979",263.43778211982
"2980",263.43708465129
"2981",263.436403010227
"2982",263.435737200046
"2983",263.435087224163
"2984",263.434453086001
"2985",263.433834788981
"2986",263.433232336532
"2987",263.432645732083
"2988",263.432074979069
"2989",263.431520080925
"2990",263.430981041093
"2991",263.430457863017
"2992",263.429950550141
"2993",263.429459105912
"2994",263.428983533776
"2995",263.428523837175
"2996",263.42808001956
"2997",263.427652084384
"2998",263.427240035107
"2999",263.426843875191
"3000",263.426463608104
"3001",263.426099237319
"3002",263.425750766312
"3003",263.425418198566
"3004",263.425101537563
"3005",263.424800786797
"3006",263.424515949758
"3007",263.424247029949
"3008",263.423994030871
"3009",263.423756956033
"3010",263.423535808945
"3011",263.423330593127
"3012",263.423141312095
"3013",263.422967969376
"3014",263.422810568501
"3015",263.422669113
"3016",263.422543606414
"3017",263.422434052281
"3018",263.42234045415
"3019",263.422262815573
"3020",263.422201140099
"3021",263.422155431291
"3022",263.422125692712
"3023",263.422111927926
"3024",263.422114140506
"3025",263.422132334026
"3026",263.422166512065
"3027",263.422216678208
"3028",263.42228283604
"3029",263.422364989155
"3030",263.422463141144
"3031",263.422577295611
"3032",263.422707456156
"3033",263.422853626386
"3034",263.423015809915
"3035",263.423194010355
"3036",263.423388231325
"3037",263.423598476449
"3038",263.423824749352
"3039",263.424067053667
"3040",263.424325393025
"3041",263.424599771067
"3042",263.424890191433
"3043",263.425196657769
"3044",263.425519173723
"3045",263.425857742953
"3046",263.426212369124
"3047",263.426583055908
"3048",263.426969806987
"3049",263.427372626045
"3050",263.427791516772
"3051",263.428226482864
"3052",263.428677528024
"3053",263.429144655959
"3054",263.42962787038
"3055",263.430127175006
"3056",263.430642573561
"3057",263.431174069773
"3058",263.431721667377
"3059",263.432285370111
"3060",263.432865181722
"3061",263.433461105956
"3062",263.434073146573
"3063",263.434701307331
"3064",263.435345591993
"3065",263.436006004334
"3066",263.436682548129
"3067",263.437375227157
"3068",263.438084045203
"3069",263.438809006062
"3070",263.439550113526
"3071",263.440307371399
"3072",263.441080783485
"3073",263.441870353593
"3074",263.442676085542
"3075",263.44349798315
"3076",263.444336050244
"3077",263.445190290653
"3078",263.44606070821
"3079",263.446947306756
"3080",263.447850090136
"3081",263.448769062199
"3082",263.449704226796
"3083",263.450655587786
"3084",263.451623149032
"3085",263.452606914401
"3086",263.453606887766
"3087",263.454623073
"3088",263.455655473986
"3089",263.456704094608
"3090",263.457768938755
"3091",263.458850010322
"3092",263.459947313206
"3093",263.461060851312
"3094",263.462190628541
"3095",263.463336648808
"3096",263.464498916062
"3097",263.465677434319
"3098",263.466872207642
"3099",263.468083240097
"3100",263.46931053576
"3101",263.470554098713
"3102",263.471813933046
"3103",263.473090042854
"3104",263.47438243224
"3105",263.475691105311
"3106",263.477016066182
"3107",263.478357318972
"3108",263.479714867806
"3109",263.481088716814
"3110",263.482478870131
"3111",263.483885331895
"3112",263.485308106251
"3113",263.486747197346
"3114",263.488202609328
"3115",263.489674346355
"3116",263.491162412582
"3117",263.492666812171
"3118",263.494187549283
"3119",263.495724628085
"3120",263.497278052745
"3121",263.498847827431
"3122",263.500433956312
"3123",263.502036443562
"3124",263.503655293354
"3125",263.505290509861
"3126",263.506942097256
"3127",263.508610059714
"3128",263.510294401411
"3129",263.511995126518
"3130",263.513712239207
"3131",263.515445743656
"3132",263.51719564403
"3133",263.5189619445
"3134",263.520744649236
"3135",263.522543762402
"3136",263.524359288161
"3137",263.526191230674
"3138",263.528039594098
"3139",263.529904382592
"3140",263.531785600304
"3141",263.533683251382
"3142",263.535597339971
"3143",263.537527870212
"3144",263.539474846237
"3145",263.541438272178
"3146",263.54341815216
"3147",263.545414490304
"3148",263.547427290866
"3149",263.549456558377
"3150",263.551502297514
"3151",263.553564512946
"3152",263.555643209342
"3153",263.557738391364
"3154",263.559850063677
"3155",263.561978230931
"3156",263.564122897774
"3157",263.566284068848
"3158",263.568461748788
"3159",263.570655942214
"3160",263.572866653743
"3161",263.575093887978
"3162",263.577337649514
"3163",263.579597942929
"3164",263.581874772793
"3165",263.584168143661
"3166",263.58647806007
"3167",263.588804526546
"3168",263.591147547598
"3169",263.593507127717
"3170",263.595883271375
"3171",263.598275983027
"3172",263.60068526711
"3173",263.603111128036
"3174",263.605553570201
"3175",263.608012597976
"3176",263.610488215709
"3177",263.612980427725
"3178",263.615489238326
"3179",263.618014651786
"3180",263.620556672354
"3181",263.623115304251
"3182",263.625690551672
"3183",263.628282418783
"3184",263.630890909716
"3185",263.63351602858
"3186",263.636157779448
"3187",263.63881616636
"3188",263.641491193328
"3189",263.644182864322
"3190",263.646891183286
"3191",263.649616154125
"3192",263.652357780704
"3193",263.655116066856
"3194",263.657891016374
"3195",263.660682633012
"3196",263.663490920484
"3197",263.666315882464
"3198",263.669157522583
"3199",263.672015844644
"3200",263.674890852841
"3201",263.677782551573
"3202",263.68069094523
"3203",263.683616038207
"3204",263.686557834882
"3205",263.689516339637
"3206",263.69249155684
"3207",263.695483490863
"3208",263.698492146062
"3209",263.701517526795
"3210",263.704559637409
"3211",263.707618482243
"3212",263.710694065632
"3213",263.713786391903
"3214",263.716895465373
"3215",263.720021290353
"3216",263.723163871146
"3217",263.726323212046
"3218",263.729499317337
"3219",263.732692191296
"3220",263.735901838189
"3221",263.739128262274
"3222",263.742371467797
"3223",263.745631458996
"3224",263.748908240097
"3225",263.752201815318
"3226",263.755512188861
"3227",263.758839364921
"3228",263.762183347682
"3229",263.765544141313
"3230",263.768921749973
"3231",263.772316177808
"3232",263.775727428951
"3233",263.779155507525
"3234",263.782600417634
"3235",263.786062163376
"3236",263.789540748829
"3237",263.79303617806
"3238",263.796548455122
"3239",263.800077584052
"3240",263.803623568872
"3241",263.807186413594
"3242",263.810766122206
"3243",263.814362698687
"3244",263.817976146997
"3245",263.821606471081
"3246",263.825253674869
"3247",263.828917762269
"3248",263.83259873718
"3249",263.836296603477
"3250",263.840011365019
"3251",263.843743025797
"3252",263.847491590089
"3253",263.851257062312
"3254",263.855039446881
"3255",263.858838748205
"3256",263.862654970687
"3257",263.866488118724
"3258",263.870338196709
"3259",263.874205209029
"3260",263.878089160061
"3261",263.881990054182
"3262",263.885907895757
"3263",263.889842689145
"3264",263.893794438703
"3265",263.897763148774
"3266",263.901748823695
"3267",263.905751467799
"3268",263.909771085409
"3269",263.913807680839
"3270",263.917861258395
"3271",263.921931822376
"3272",263.92601937707
"3273",263.930123926758
"3274",263.934245475712
"3275",263.938384028192
"3276",263.942539588453
"3277",263.946712160734
"3278",263.950901749269
"3279",263.955108358281
"3280",263.95933199198
"3281",263.963572654569
"3282",263.967830350238
"3283",263.972105083164
"3284",263.976396857518
"3285",263.980705677455
"3286",263.985031547118
"3287",263.989374470643
"3288",263.993734452149
"3289",263.998111495744
"3290",264.002505605523
"3291",264.00691678557
"3292",264.011345039955
"3293",264.015790372734
"3294",264.02025278795
"3295",264.024732289633
"3296",264.029228881797
"3297",264.033742568445
"3298",264.038273353565
"3299",264.042821241128
"3300",264.047386235092
"3301",264.0519683394
