"","V1","V2"
"1",0.05,16.9113103746231
"2",0.140000000000003,16.9024847277237
"3",0.230000000000007,16.8936504693056
"4",0.32000000000001,16.8848088730656
"5",0.410000000000014,16.8759612127007
"6",0.500000000000017,16.8671087619077
"7",0.59000000000002,16.8582527943838
"8",0.680000000000024,16.8493945838256
"9",0.770000000000027,16.8405354039303
"10",0.860000000000031,16.8316765283947
"11",0.950000000000034,16.8228192309158
"12",1.04000000000004,16.8139647851904
"13",1.13000000000004,16.8051144649156
"14",1.22000000000004,16.7962695437882
"15",1.31000000000005,16.7874312955052
"16",1.40000000000005,16.7786009937635
"17",1.49000000000005,16.76977991226
"18",1.58000000000006,16.7609693246916
"19",1.67000000000006,16.7521705047554
"20",1.76000000000006,16.7433847261482
"21",1.85000000000007,16.7346132625669
"22",1.94000000000007,16.7258573877086
"23",2.03000000000007,16.71711837527
"24",2.12000000000008,16.7083974989482
"25",2.21000000000008,16.69969603244
"26",2.30000000000008,16.6910152494424
"27",2.39000000000009,16.6823564236524
"28",2.48000000000009,16.6737208287668
"29",2.57000000000009,16.6651097384826
"30",2.6600000000001,16.6565244264968
"31",2.7500000000001,16.6479661665061
"32",2.84000000000011,16.6394362322077
"33",2.93000000000011,16.6309358972984
"34",3.02000000000011,16.6224399425396
"35",3.11000000000012,16.6139235013607
"36",3.20000000000012,16.6053883764604
"37",3.29000000000012,16.5968363705374
"38",3.38000000000013,16.5882692862903
"39",3.47000000000013,16.5796889264179
"40",3.56000000000013,16.5710970936187
"41",3.65000000000014,16.5624955905917
"42",3.74000000000014,16.5538862200353
"43",3.83000000000014,16.5452707846483
"44",3.92000000000015,16.5366510871294
"45",4.01000000000015,16.5280289301773
"46",4.10000000000015,16.5194061164907
"47",4.19000000000016,16.5107844487682
"48",4.28000000000016,16.5021657297086
"49",4.37000000000016,16.4935517620105
"50",4.46000000000017,16.4849443483726
"51",4.55000000000017,16.4763452914936
"52",4.64000000000017,16.4677563940723
"53",4.73000000000018,16.4591794588072
"54",4.82000000000018,16.4506162883972
"55",4.91000000000018,16.4420686855408
"56",5.00000000000019,16.4335384529367
"57",5.09000000000019,16.4250273932838
"58",5.18000000000019,16.4165373092805
"59",5.2700000000002,16.4080700036257
"60",5.3600000000002,16.399627279018
"61",5.4500000000002,16.3912109381561
"62",5.54000000000021,16.3828227837388
"63",5.63000000000021,16.3744646184646
"64",5.72000000000021,16.3661382450323
"65",5.81000000000022,16.3578454661405
"66",5.90000000000022,16.3495369330101
"67",5.99000000000022,16.341165878811
"68",6.08000000000023,16.3327379791656
"69",6.17000000000023,16.3242589096965
"70",6.26000000000023,16.3157343460261
"71",6.35000000000024,16.3071699637769
"72",6.44000000000024,16.2985714385713
"73",6.53000000000024,16.2899444460319
"74",6.62000000000025,16.2812946617812
"75",6.71000000000025,16.2726277614415
"76",6.80000000000025,16.2639494206355
"77",6.89000000000026,16.2552653149855
"78",6.98000000000026,16.2465811201141
"79",7.07000000000026,16.2379025116436
"80",7.16000000000027,16.2292351651967
"81",7.25000000000027,16.2205847563958
"82",7.34000000000028,16.2119569608633
"83",7.43000000000028,16.2033574542218
"84",7.52000000000028,16.1947919120937
"85",7.61000000000029,16.1862660101014
"86",7.70000000000029,16.1777854238676
"87",7.79000000000029,16.1693558290146
"88",7.8800000000003,16.1609829011649
"89",7.9700000000003,16.1526723159411
"90",8.0600000000003,16.1444297489655
"91",8.15000000000031,16.1362608758607
"92",8.24000000000031,16.1281713722491
"93",8.33000000000031,16.1201669137533
"94",8.42000000000032,16.1122531759957
"95",8.51000000000032,16.1044358345987
"96",8.60000000000032,16.0967205651849
"97",8.69000000000033,16.0891130433768
"98",8.78000000000033,16.0815654005185
"99",8.87000000000033,16.074027079946
"100",8.96000000000034,16.0664997252697
"101",9.05000000000034,16.0589849800995
"102",9.14000000000034,16.0514844880458
"103",9.23000000000035,16.0439998927187
"104",9.32000000000035,16.0365328377284
"105",9.41000000000035,16.0290849666851
"106",9.50000000000036,16.021657923199
"107",9.59000000000036,16.0142533508802
"108",9.68000000000036,16.006872893339
"109",9.77000000000037,15.9995181941855
"110",9.86000000000037,15.9921908970299
"111",9.95000000000037,15.9848926454824
"112",10.0400000000004,15.9776250831532
"113",10.1300000000004,15.9703898536524
"114",10.2200000000004,15.9631886005904
"115",10.3100000000004,15.9560229675771
"116",10.4000000000004,15.9488945982229
"117",10.4900000000004,15.941805136138
"118",10.5800000000004,15.9347562249324
"119",10.6700000000004,15.9277495082164
"120",10.7600000000004,15.9207866296002
"121",10.8500000000004,15.9138692326939
"122",10.9400000000004,15.9069989611078
"123",11.0300000000004,15.900177458452
"124",11.1200000000004,15.8934063683367
"125",11.2100000000004,15.8866873343722
"126",11.3000000000004,15.8800220001685
"127",11.3900000000004,15.8734120093359
"128",11.4800000000004,15.8668590054845
"129",11.5700000000004,15.8603646322247
"130",11.6600000000004,15.8539111581038
"131",11.7500000000004,15.8474798487915
"132",11.8400000000004,15.8410708435808
"133",11.9300000000004,15.8346842817648
"134",12.0200000000005,15.8283203026365
"135",12.1100000000005,15.8219790454892
"136",12.2000000000005,15.8156606496158
"137",12.2900000000005,15.8093652543094
"138",12.3800000000005,15.8030929988631
"139",12.4700000000005,15.7968440225701
"140",12.5600000000005,15.7906184647233
"141",12.6500000000005,15.7844164646158
"142",12.7400000000005,15.7782381615408
"143",12.8300000000005,15.7720836947913
"144",12.9200000000005,15.7659532036604
"145",13.0100000000005,15.7598468274412
"146",13.1000000000005,15.7537647054267
"147",13.1900000000005,15.7477069769101
"148",13.2800000000005,15.7416737811844
"149",13.3700000000005,15.7356652575427
"150",13.4600000000005,15.7296815452781
"151",13.5500000000005,15.7237227836837
"152",13.6400000000005,15.7177891120525
"153",13.7300000000005,15.7118806696776
"154",13.8200000000005,15.7059975958522
"155",13.9100000000005,15.7001400298692
"156",14.0000000000005,15.6943081110218
"157",14.0900000000005,15.6885019786031
"158",14.1800000000005,15.6827217719061
"159",14.2700000000005,15.6769676302239
"160",14.3600000000005,15.6712396928497
"161",14.4500000000005,15.6655380990764
"162",14.5400000000005,15.6598629881971
"163",14.6300000000006,15.6542124769798
"164",14.7200000000006,15.64858458845
"165",14.8100000000006,15.6429793212873
"166",14.9000000000006,15.6373966741715
"167",14.9900000000006,15.6318366457822
"168",15.0800000000006,15.6262992347991
"169",15.1700000000006,15.6207844399019
"170",15.2600000000006,15.6152922597703
"171",15.3500000000006,15.609822693084
"172",15.4400000000006,15.6043757385226
"173",15.5300000000006,15.5989513947659
"174",15.6200000000006,15.5935496604935
"175",15.7100000000006,15.588170534385
"176",15.8000000000006,15.5828140151203
"177",15.8900000000006,15.5774801013789
"178",15.9800000000006,15.5721687918406
"179",16.0700000000006,15.566880085185
"180",16.1600000000006,15.5616139800918
"181",16.2500000000006,15.5563704752408
"182",16.3400000000006,15.5511495693115
"183",16.4300000000006,15.5459512609837
"184",16.5200000000006,15.540775548937
"185",16.6100000000006,15.5356224318512
"186",16.7000000000006,15.5304919084058
"187",16.7900000000006,15.5253839772807
"188",16.8800000000006,15.5202986371555
"189",16.9700000000006,15.5152358867098
"190",17.0600000000006,15.5101957246234
"191",17.1500000000006,15.5051781495759
"192",17.2400000000006,15.5001831602471
"193",17.3300000000007,15.4952107553165
"194",17.4200000000007,15.4902609334639
"195",17.5100000000007,15.4853376292071
"196",17.6000000000007,15.4804445965443
"197",17.6900000000007,15.4755815633759
"198",17.7800000000007,15.4707482576021
"199",17.8700000000007,15.4659444071236
"200",17.9600000000007,15.4611697398404
"201",18.0500000000007,15.4564239836532
"202",18.1400000000007,15.4517068664621
"203",18.2300000000007,15.4470181161676
"204",18.3200000000007,15.4423574606701
"205",18.4100000000007,15.4377246278699
"206",18.5000000000007,15.4331193456673
"207",18.5900000000007,15.4285413419629
"208",18.6800000000007,15.4239903446568
"209",18.7700000000007,15.4194660816496
"210",18.8600000000007,15.4149682808415
"211",18.9500000000007,15.4104966701329
"212",19.0400000000007,15.4060509774243
"213",19.1300000000007,15.4016309306159
"214",19.2200000000007,15.3972362576081
"215",19.3100000000007,15.3928666863014
"216",19.4000000000007,15.388521944596
"217",19.4900000000007,15.3842017603924
"218",19.5800000000007,15.3799058615909
"219",19.6700000000007,15.3756339760918
"220",19.7600000000007,15.3713858317957
"221",19.8500000000007,15.3671611566027
"222",19.9400000000008,15.3629596784133
"223",20.0300000000008,15.3587811251279
"224",20.1200000000008,15.3546252246468
"225",20.2100000000008,15.3504917048703
"226",20.3000000000008,15.346380293699
"227",20.3900000000008,15.3423038353399
"228",20.4800000000008,15.3382748945804
"229",20.5700000000008,15.3342927801914
"230",20.6600000000008,15.3303568009438
"231",20.7500000000008,15.3264662656083
"232",20.8400000000008,15.3226204829558
"233",20.9300000000008,15.3188187617571
"234",21.0200000000008,15.3150604107831
"235",21.1100000000008,15.3113447388044
"236",21.2000000000008,15.3076710545921
"237",21.2900000000008,15.3040386669168
"238",21.3800000000008,15.3004468845495
"239",21.4700000000008,15.2968950162609
"240",21.5600000000008,15.2933823708219
"241",21.6500000000008,15.2899082570033
"242",21.7400000000008,15.2864719835759
"243",21.8300000000008,15.2830728593106
"244",21.9200000000008,15.2797101929781
"245",22.0100000000008,15.2763832933493
"246",22.1000000000008,15.2730914691951
"247",22.1900000000008,15.2698340292862
"248",22.2800000000008,15.2666102823934
"249",22.3700000000008,15.2634195372877
"250",22.4600000000008,15.2602611027397
"251",22.5500000000008,15.2571342875204
"252",22.6400000000009,15.2540384004006
"253",22.7300000000009,15.250972750151
"254",22.8200000000009,15.2479366455426
"255",22.9100000000009,15.2449293953461
"256",23.0000000000009,15.2419503083324
"257",23.0900000000009,15.2389986932722
"258",23.1800000000009,15.2360738589365
"259",23.2700000000009,15.2331903266707
"260",23.3600000000009,15.2303627855473
"261",23.4500000000009,15.2275907959277
"262",23.5400000000009,15.224873918173
"263",23.6300000000009,15.2222117126445
"264",23.7200000000009,15.2196037397035
"265",23.8100000000009,15.2170495597113
"266",23.9000000000009,15.2145487330291
"267",23.9900000000009,15.2121008200183
"268",24.0800000000009,15.20970538104
"269",24.1700000000009,15.2073619764556
"270",24.2600000000009,15.2050701666263
"271",24.3500000000009,15.2028295119134
"272",24.4400000000009,15.2006395726782
"273",24.5300000000009,15.1984999092819
"274",24.6200000000009,15.1964100820859
"275",24.7100000000009,15.1943696514513
"276",24.8000000000009,15.1923781777394
"277",24.8900000000009,15.1904352213116
"278",24.9800000000009,15.188540342529
"279",25.0700000000009,15.186693101753
"280",25.1600000000009,15.1848930593449
"281",25.250000000001,15.1831397756658
"282",25.340000000001,15.1814328110771
"283",25.430000000001,15.17977172594
"284",25.520000000001,15.1781560806159
"285",25.610000000001,15.1765854354659
"286",25.700000000001,15.1750593508514
"287",25.790000000001,15.1735773871336
"288",25.880000000001,15.1721391046738
"289",25.970000000001,15.1707440638332
"290",26.060000000001,15.1693918249732
"291",26.150000000001,15.168081948455
"292",26.240000000001,15.1668268414786
"293",26.330000000001,15.1656389408386
"294",26.420000000001,15.1645178512876
"295",26.510000000001,15.1634631775785
"296",26.600000000001,15.162474524464
"297",26.690000000001,15.1615514966969
"298",26.780000000001,15.16069369903
"299",26.870000000001,15.1599007362161
"300",26.960000000001,15.1591722130079
"301",27.050000000001,15.1585077341583
"302",27.140000000001,15.15790690442
"303",27.230000000001,15.1573693285458
"304",27.320000000001,15.1568946112884
"305",27.410000000001,15.1564823574008
"306",27.500000000001,15.1561321716355
"307",27.590000000001,15.1558436587455
"308",27.680000000001,15.1556164234835
"309",27.770000000001,15.1554500706023
"310",27.8600000000011,15.1553442048546
"311",27.9500000000011,15.1552984309933
"312",28.0400000000011,15.1553123537711
"313",28.1300000000011,15.1553855779408
"314",28.2200000000011,15.1555177082551
"315",28.3100000000011,15.155708349467
"316",28.4000000000011,15.1559571063291
"317",28.4900000000011,15.1562635835942
"318",28.5800000000011,15.1566273860151
"319",28.6700000000011,15.1570481183447
"320",28.7600000000011,15.1575253853356
"321",28.8500000000011,15.1580587917406
"322",28.9400000000011,15.1586479423126
"323",29.0300000000011,15.1592924418042
"324",29.1200000000011,15.15999889824
"325",29.2100000000011,15.160774055559
"326",29.3000000000011,15.1616177223856
"327",29.3900000000011,15.1625297073446
"328",29.4800000000011,15.1635098190606
"329",29.5700000000011,15.1645578661581
"330",29.6600000000011,15.1656736572619
"331",29.7500000000011,15.1668570009965
"332",29.8400000000011,15.1681077059866
"333",29.9300000000011,15.1694255808567
"334",30.0200000000011,15.1708104342315
"335",30.1100000000011,15.1722620747357
"336",30.2000000000011,15.1737803109938
"337",30.2900000000011,15.1753649516304
"338",30.3800000000011,15.1770158052702
"339",30.4700000000011,15.1787326805379
"340",30.5600000000012,15.1805153860579
"341",30.6500000000012,15.182363730455
"342",30.7400000000012,15.1842775223538
"343",30.8300000000012,15.1862565703788
"344",30.9200000000012,15.1883006831548
"345",31.0100000000012,15.1904096693063
"346",31.1000000000012,15.1925833374579
"347",31.1900000000012,15.1948214962343
"348",31.2800000000012,15.1971239542601
"349",31.3700000000012,15.1994905201599
"350",31.4600000000012,15.2019210025583
"351",31.5500000000012,15.20441521008
"352",31.6400000000012,15.2069729513495
"353",31.7300000000012,15.2095940349916
"354",31.8200000000012,15.2122782696307
"355",31.9100000000012,15.2150254638916
"356",32.0000000000012,15.2178285877896
"357",32.0900000000012,15.2206811993444
"358",32.1800000000012,15.2235839891874
"359",32.2700000000012,15.2265376479502
"360",32.3600000000012,15.2295428662641
"361",32.4500000000012,15.2326003347606
"362",32.5400000000012,15.2357107440711
"363",32.6300000000012,15.238874784827
"364",32.7200000000012,15.2420931476598
"365",32.8100000000012,15.2453665232009
"366",32.9000000000012,15.2486956020816
"367",32.9900000000012,15.2520810749336
"368",33.0800000000012,15.255523632388
"369",33.1700000000012,15.2590239650765
"370",33.2600000000012,15.2625827636304
"371",33.3500000000013,15.2662007186812
"372",33.4400000000013,15.2698785208603
"373",33.5300000000013,15.273616860799
"374",33.6200000000013,15.2774164291289
"375",33.7100000000013,15.2812779164814
"376",33.8000000000013,15.2852020134879
"377",33.8900000000013,15.2891894107798
"378",33.9800000000013,15.2932407989885
"379",34.0700000000013,15.2973568687455
"380",34.1600000000013,15.3015383106823
"381",34.2500000000013,15.3057858154302
"382",34.3400000000013,15.3101000736206
"383",34.4300000000013,15.3144817758851
"384",34.5200000000013,15.318931612855
"385",34.6100000000013,15.3234502751617
"386",34.7000000000013,15.3280384534367
"387",34.7900000000013,15.3326968383114
"388",34.8800000000013,15.3374046269089
"389",34.9700000000013,15.3421411886464
"390",35.0600000000013,15.3469074725968
"391",35.1500000000013,15.3517044278328
"392",35.2400000000013,15.3565330034272
"393",35.3300000000013,15.3613941484529
"394",35.4200000000013,15.3662888119827
"395",35.5100000000013,15.3712179430893
"396",35.6000000000013,15.3761824908456
"397",35.6900000000013,15.3811834043244
"398",35.7800000000013,15.3862216325984
"399",35.8700000000013,15.3912981247406
"400",35.9600000000014,15.3964138298236
"401",36.0500000000014,15.4015696969204
"402",36.1400000000014,15.4067666751036
"403",36.2300000000014,15.4120057134462
"404",36.3200000000014,15.4172877610209
"405",36.4100000000014,15.4226137669006
"406",36.5000000000014,15.4279846801579
"407",36.5900000000014,15.4334014498658
"408",36.6800000000014,15.4388650250971
"409",36.7700000000014,15.4443763549245
"410",36.8600000000014,15.4499363884208
"411",36.9500000000014,15.4555460746589
"412",37.0400000000014,15.4612063627116
"413",37.1300000000014,15.4669182016517
"414",37.2200000000014,15.4726825405519
"415",37.3100000000014,15.4785003284851
"416",37.4000000000014,15.4843725145242
"417",37.4900000000014,15.4903000477418
"418",37.5800000000014,15.4962838772108
"419",37.6700000000014,15.502324952004
"420",37.7600000000014,15.5084007629972
"421",37.8500000000014,15.5144886715932
"422",37.9400000000014,15.5205894326554
"423",38.0300000000014,15.526703801047
"424",38.1200000000014,15.5328325316315
"425",38.2100000000014,15.5389763792723
"426",38.3000000000014,15.5451360988327
"427",38.3900000000014,15.5513124451761
"428",38.4800000000014,15.5575061731659
"429",38.5700000000014,15.5637180376654
"430",38.6600000000015,15.569948793538
"431",38.7500000000015,15.576199195647
"432",38.8400000000015,15.5824699988559
"433",38.9300000000015,15.5887619580279
"434",39.0200000000015,15.5950758280265
"435",39.1100000000015,15.6014123637151
"436",39.2000000000015,15.607772319957
"437",39.2900000000015,15.6141564516155
"438",39.3800000000015,15.6205655135541
"439",39.4700000000015,15.627000260636
"440",39.5600000000015,15.6334614477248
"441",39.6500000000015,15.6399498296837
"442",39.7400000000015,15.646466161376
"443",39.8300000000015,15.6530111976653
"444",39.9200000000015,15.6595856934148
"445",40.0100000000015,15.666190403488
"446",40.1000000000015,15.6728260827481
"447",40.1900000000015,15.6794934860585
"448",40.2800000000015,15.6861933682827
"449",40.3700000000015,15.692926484284
"450",40.4600000000015,15.6996935889257
"451",40.5500000000015,15.7064954370712
"452",40.6400000000015,15.7133165553806
"453",40.7300000000015,15.7201412506665
"454",40.8200000000015,15.7269699480217
"455",40.9100000000015,15.7338030725387
"456",41.0000000000015,15.74064104931
"457",41.0900000000015,15.7474843034283
"458",41.1800000000015,15.7543332599862
"459",41.2700000000016,15.7611883440762
"460",41.3600000000016,15.7680499807908
"461",41.4500000000016,15.7749185952228
"462",41.5400000000016,15.7817946124647
"463",41.6300000000016,15.788678457609
"464",41.7200000000016,15.7955705557484
"465",41.8100000000016,15.8024713319755
"466",41.9000000000016,15.8093812113827
"467",41.9900000000016,15.8163006190628
"468",42.0800000000016,15.8232299801082
"469",42.1700000000016,15.8301697196116
"470",42.2600000000016,15.8371202626656
"471",42.3500000000016,15.8440820343627
"472",42.4400000000016,15.8510554597955
"473",42.5300000000016,15.8580409640567
"474",42.6200000000016,15.8650389722387
"475",42.7100000000016,15.8720499094343
"476",42.8000000000016,15.8790742007359
"477",42.8900000000016,15.8861122712361
"478",42.9800000000016,15.8931645460276
"479",43.0700000000016,15.9002314502029
"480",43.1600000000016,15.9073134088546
"481",43.2500000000016,15.9144108470753
"482",43.3400000000016,15.9215241899576
"483",43.4300000000016,15.928653862594
"484",43.5200000000016,15.9357919523071
"485",43.6100000000016,15.9429303699104
"486",43.7000000000016,15.950069275733
"487",43.7900000000016,15.957208830104
"488",43.8800000000017,15.9643491933523
"489",43.9700000000017,15.9714905258072
"490",44.0600000000017,15.9786329877976
"491",44.1500000000017,15.9857767396526
"492",44.2400000000017,15.9929219417013
"493",44.3300000000017,16.0000687542728
"494",44.4200000000017,16.0072173376961
"495",44.5100000000017,16.0143678523003
"496",44.6000000000017,16.0215204584144
"497",44.6900000000017,16.0286753163676
"498",44.7800000000017,16.0358325864889
"499",44.8700000000017,16.0429924291073
"500",44.9600000000017,16.050155004552
"501",45.0500000000017,16.057320473152
"502",45.1400000000017,16.0644889952363
"503",45.2300000000017,16.0716607311341
"504",45.3200000000017,16.0788358411744
"505",45.4100000000017,16.0860144856863
"506",45.5000000000017,16.0931968249988
"507",45.5900000000017,16.100383019441
"508",45.6800000000017,16.107573229342
"509",45.7700000000017,16.1147676150308
"510",45.8600000000017,16.1219663368366
"511",45.9500000000017,16.1291695550883
"512",46.0400000000017,16.1363774301151
"513",46.1300000000017,16.143590122246
"514",46.2200000000017,16.1508077918101
"515",46.3100000000017,16.1580305991365
"516",46.4000000000017,16.1652571648673
"517",46.4900000000017,16.1724859685594
"518",46.5800000000018,16.179716958914
"519",46.6700000000018,16.1869500846321
"520",46.7600000000018,16.1941852944147
"521",46.8500000000018,16.201422536963
"522",46.9400000000018,16.2086617609781
"523",47.0300000000018,16.215902915161
"524",47.1200000000018,16.2231459482128
"525",47.2100000000018,16.2303908088346
"526",47.3000000000018,16.2376374457274
"527",47.3900000000018,16.2448858075925
"528",47.4800000000018,16.2521358431307
"529",47.5700000000018,16.2593875010433
"530",47.6600000000018,16.2666407300313
"531",47.7500000000018,16.2738954787958
"532",47.8400000000018,16.2811516960378
"533",47.9300000000018,16.2884093304585
"534",48.0200000000018,16.2956683307589
"535",48.1100000000018,16.3029286456401
"536",48.2000000000018,16.3101902238033
"537",48.2900000000018,16.3174530139494
"538",48.3800000000018,16.3247169647795
"539",48.4700000000018,16.3319820249948
"540",48.5600000000018,16.3392481432964
"541",48.6500000000018,16.3465152683852
"542",48.7400000000018,16.3537833489624
"543",48.8300000000018,16.3610523337291
"544",48.9200000000018,16.3683221713863
"545",49.0100000000018,16.3755928106352
"546",49.1000000000018,16.3828642001768
"547",49.1900000000019,16.3901362887121
"548",49.2800000000019,16.3974090249424
"549",49.3700000000019,16.4046838789854
"550",49.4600000000019,16.4119622952928
"551",49.5500000000019,16.4192441840663
"552",49.6400000000019,16.4265294555076
"553",49.7300000000019,16.4338180198185
"554",49.8200000000019,16.4411097872007
"555",49.9100000000019,16.448404667856
"556",50.0000000000019,16.4557025719861
"557",50.0900000000019,16.4630034097926
"558",50.1800000000019,16.4703070914774
"559",50.2700000000019,16.4776135272422
"560",50.3600000000019,16.4849226272887
"561",50.4500000000019,16.4922343018187
"562",50.5400000000019,16.4995484610338
"563",50.6300000000019,16.5068650151359
"564",50.7200000000019,16.5141838743266
"565",50.8100000000019,16.5215049488077
"566",50.9000000000019,16.5288281487809
"567",50.9900000000019,16.5361533844479
"568",51.0800000000019,16.5434805660106
"569",51.1700000000019,16.5508096036705
"570",51.2600000000019,16.5581404076296
"571",51.3500000000019,16.5654728880893
"572",51.4400000000019,16.5728069552516
"573",51.5300000000019,16.5801425193182
"574",51.6200000000019,16.5874794904908
"575",51.7100000000019,16.594817778971
"576",51.800000000002,16.6021572949607
"577",51.890000000002,16.6094979486616
"578",51.980000000002,16.6168396502755
"579",52.070000000002,16.6241823100039
"580",52.160000000002,16.6315258380488
"581",52.250000000002,16.6388682912428
"582",52.340000000002,16.6462079260289
"583",52.430000000002,16.6535449520243
"584",52.520000000002,16.6608795788462
"585",52.610000000002,16.6682120161117
"586",52.700000000002,16.6755424734382
"587",52.790000000002,16.6828711604427
"588",52.880000000002,16.6901982867424
"589",52.970000000002,16.6975240619546
"590",53.060000000002,16.7048486956964
"591",53.150000000002,16.712172397585
"592",53.240000000002,16.7194953772376
"593",53.330000000002,16.7268178442713
"594",53.420000000002,16.7341400083034
"595",53.510000000002,16.7414620789511
"596",53.600000000002,16.7487842658315
"597",53.690000000002,16.7561067785618
"598",53.780000000002,16.7634298267592
"599",53.870000000002,16.7707536200409
"600",53.960000000002,16.7780783680241
"601",54.050000000002,16.785404280326
"602",54.140000000002,16.7927315665637
"603",54.230000000002,16.8000604363544
"604",54.320000000002,16.8073910993154
"605",54.4100000000021,16.8147237650638
"606",54.5000000000021,16.8220586432168
"607",54.5900000000021,16.8293959433915
"608",54.6800000000021,16.8367358752052
"609",54.7700000000021,16.8440786482751
"610",54.8600000000021,16.8514244722184
"611",54.9500000000021,16.8587735566521
"612",55.0400000000021,16.8661261111936
"613",55.1300000000021,16.8734736241861
"614",55.2200000000021,16.880807737327
"615",55.3100000000021,16.8881288902643
"616",55.4000000000021,16.895437522646
"617",55.4900000000021,16.9027340741204
"618",55.5800000000021,16.9100189843355
"619",55.6700000000021,16.9172926929393
"620",55.7600000000021,16.92455563958
"621",55.8500000000021,16.9318082639057
"622",55.9400000000021,16.9390510055645
"623",56.0300000000021,16.9462843042043
"624",56.1200000000021,16.9535085994735
"625",56.2100000000021,16.9607243310199
"626",56.3000000000021,16.9679319384918
"627",56.3900000000021,16.9751318615372
"628",56.4800000000021,16.9823245398041
"629",56.5700000000021,16.9895104129408
"630",56.6600000000021,16.9966899205953
"631",56.7500000000021,17.0038635024156
"632",56.8400000000021,17.0110315980499
"633",56.9300000000021,17.0181946471463
"634",57.0200000000021,17.0253530893528
"635",57.1100000000022,17.0325073643176
"636",57.2000000000022,17.0396579116887
"637",57.2900000000022,17.0468051711142
"638",57.3800000000022,17.0539495822423
"639",57.4700000000022,17.0610915847209
"640",57.5600000000022,17.0682316181982
"641",57.6500000000022,17.0753701223224
"642",57.7400000000022,17.0825075367414
"643",57.8300000000022,17.0896443011034
"644",57.9200000000022,17.0967808550564
"645",58.0100000000022,17.1039046934668
"646",58.1000000000022,17.1110033616419
"647",58.1900000000022,17.1180773748916
"648",58.2800000000022,17.1251272485259
"649",58.3700000000022,17.1321534978546
"650",58.4600000000022,17.1391566381877
"651",58.5500000000022,17.146137184835
"652",58.6400000000022,17.1530956531065
"653",58.7300000000022,17.160032558312
"654",58.8200000000022,17.1669484157614
"655",58.9100000000022,17.1738437407647
"656",59.0000000000022,17.1807190486317
"657",59.0900000000022,17.1875748546723
"658",59.1800000000022,17.1944116741965
"659",59.2700000000022,17.2012300225141
"660",59.3600000000022,17.208030414935
"661",59.4500000000022,17.2148133667692
"662",59.5400000000022,17.2215793933265
"663",59.6300000000022,17.2283290099169
"664",59.7200000000023,17.2350627318501
"665",59.8100000000023,17.2417810744362
"666",59.9000000000023,17.248484552985
"667",59.9900000000023,17.2551736828065
"668",60.0800000000023,17.2618489792104
"669",60.1700000000023,17.2685109575068
"670",60.2600000000023,17.2751601330056
"671",60.3500000000023,17.2817970210165
"672",60.4400000000023,17.2884221368496
"673",60.5300000000023,17.2950359958146
"674",60.6200000000023,17.3016391132216
"675",60.7100000000023,17.3082320043805
"676",60.8000000000023,17.314815184601
"677",60.8900000000023,17.3213771753545
"678",60.9800000000023,17.3279063996908
"679",61.0700000000023,17.3344032252874
"680",61.1600000000023,17.3408680198219
"681",61.2500000000023,17.3473011509719
"682",61.3400000000023,17.3537029864151
"683",61.4300000000023,17.3600738938289
"684",61.5200000000023,17.366414240891
"685",61.6100000000023,17.372724395279
"686",61.7000000000023,17.3790047246705
"687",61.7900000000023,17.3852555967431
"688",61.8800000000023,17.3914773791744
"689",61.9700000000023,17.3976704396419
"690",62.0600000000023,17.4038351458233
"691",62.1500000000023,17.4099718653961
"692",62.2400000000023,17.416080966038
"693",62.3300000000024,17.4221628154265
"694",62.4200000000024,17.4282177812393
"695",62.5100000000024,17.4342462311539
"696",62.6000000000024,17.4402485328479
"697",62.6900000000024,17.446225053999
"698",62.7800000000024,17.4521761622846
"699",62.8700000000024,17.4581022253825
"700",62.9600000000024,17.4640036109702
"701",63.0500000000024,17.4698806867252
"702",63.1400000000024,17.4757338203253
"703",63.2300000000024,17.4815633794479
"704",63.3200000000024,17.4873697317707
"705",63.4100000000024,17.4931532449713
"706",63.5000000000024,17.4989142867272
"707",63.5900000000024,17.5046532247162
"708",63.6800000000024,17.5103704266156
"709",63.7700000000024,17.5160596065836
"710",63.8600000000024,17.5217143092294
"711",63.9500000000024,17.5273346479076
"712",64.0400000000024,17.5329207359731
"713",64.1300000000024,17.5384726867805
"714",64.2200000000024,17.5439906136844
"715",64.3100000000024,17.5494746300396
"716",64.4000000000024,17.5549248492007
"717",64.4900000000024,17.5603413845225
"718",64.5800000000024,17.5657243493595
"719",64.6700000000024,17.5710738570666
"720",64.7600000000024,17.5763900209983
"721",64.8500000000024,17.5816729545094
"722",64.9400000000024,17.5869227709546
"723",65.0300000000024,17.5921395836884
"724",65.1200000000024,17.5973235060657
"725",65.2100000000025,17.6024746514412
"726",65.3000000000025,17.6075931331694
"727",65.3900000000025,17.6126790646051
"728",65.4800000000025,17.6177325591029
"729",65.5700000000025,17.6227537300176
"730",65.6600000000025,17.6277426907039
"731",65.7500000000025,17.6326995545163
"732",65.8400000000025,17.6376244348097
"733",65.9300000000025,17.6425174449387
"734",66.0200000000025,17.647378698258
"735",66.1100000000025,17.6522083081222
"736",66.2000000000025,17.657006387886
"737",66.2900000000025,17.6617730509042
"738",66.3800000000025,17.6665084105315
"739",66.4700000000025,17.6712125801224
"740",66.5600000000025,17.6758856730317
"741",66.6500000000025,17.6805250299879
"742",66.7400000000025,17.6851279428731
"743",66.8300000000025,17.6896944517724
"744",66.9200000000025,17.6942245967709
"745",67.0100000000025,17.6987184179537
"746",67.1000000000025,17.7031759554059
"747",67.1900000000025,17.7075972492126
"748",67.2800000000025,17.711982339459
"749",67.3700000000025,17.7163312662301
"750",67.4600000000025,17.7206440696111
"751",67.5500000000025,17.724920789687
"752",67.6400000000025,17.729161466543
"753",67.7300000000025,17.7333661402642
"754",67.8200000000026,17.7375348509357
"755",67.9100000000026,17.7416676386426
"756",68.0000000000026,17.7457645434701
"757",68.0900000000026,17.7498256055031
"758",68.1800000000026,17.7538508648269
"759",68.2700000000026,17.7578403615265
"760",68.3600000000026,17.7617941356871
"761",68.4500000000026,17.7657122273937
"762",68.5400000000026,17.7695946767315
"763",68.6300000000026,17.7734415237856
"764",68.7200000000026,17.7772528086411
"765",68.8100000000026,17.781028571383
"766",68.9000000000026,17.7847688520966
"767",68.9900000000026,17.7884736908669
"768",69.0800000000026,17.7921431277791
"769",69.1700000000026,17.7957772029181
"770",69.2600000000026,17.7993759563693
"771",69.3500000000026,17.8029394282175
"772",69.4400000000026,17.8064676585481
"773",69.5300000000026,17.8099608622885
"774",69.6200000000026,17.8134192238992
"775",69.7100000000026,17.8168427377643
"776",69.8000000000026,17.820231398268
"777",69.8900000000026,17.8235851997945
"778",69.9800000000026,17.8269041367279
"779",70.0700000000026,17.8301882034526
"780",70.1600000000026,17.8334373943525
"781",70.2500000000026,17.836651703812
"782",70.3400000000026,17.8398311262152
"783",70.4300000000027,17.8429756559463
"784",70.5200000000027,17.8460852873894
"785",70.6100000000027,17.8491600149288
"786",70.7000000000027,17.8521998329487
"787",70.7900000000027,17.8552047358332
"788",70.8800000000027,17.8581747179665
"789",70.9700000000027,17.8611097737328
"790",71.0600000000027,17.8640098975163
"791",71.1500000000027,17.8668750837012
"792",71.2400000000027,17.8697053266716
"793",71.3300000000027,17.8725006208118
"794",71.4200000000027,17.8752609605058
"795",71.5100000000027,17.877986340138
"796",71.6000000000027,17.8806767540925
"797",71.6900000000027,17.8833321967534
"798",71.7800000000027,17.885952662505
"799",71.8700000000027,17.8885381457315
"800",71.9600000000027,17.8910886408169
"801",72.0500000000027,17.8936041421456
"802",72.1400000000027,17.8960846441017
"803",72.2300000000027,17.8985301410693
"804",72.3200000000027,17.9009406274327
"805",72.4100000000027,17.9033160975761
"806",72.5000000000027,17.9056570591214
"807",72.5900000000027,17.9079639624111
"808",72.6800000000027,17.9102367159101
"809",72.7700000000027,17.9124752280835
"810",72.8600000000027,17.9146794073962
"811",72.9500000000027,17.9168491623132
"812",73.0400000000027,17.9189844012994
"813",73.1300000000028,17.9210850328199
"814",73.2200000000028,17.9231509653396
"815",73.3100000000028,17.9251821073234
"816",73.4000000000028,17.9271783672364
"817",73.4900000000028,17.9291396535435
"818",73.5800000000028,17.9310658747097
"819",73.6700000000028,17.9329569391999
"820",73.7600000000028,17.9348127554791
"821",73.8500000000028,17.9366332320124
"822",73.9400000000028,17.9384182772646
"823",74.0300000000028,17.9401677997007
"824",74.1200000000028,17.9418817077857
"825",74.2100000000028,17.9435599099847
"826",74.3000000000028,17.9452023147624
"827",74.3900000000028,17.946808830584
"828",74.4800000000028,17.9483793659144
"829",74.5700000000028,17.9499138292185
"830",74.6600000000028,17.9514121289614
"831",74.7500000000028,17.9528741736079
"832",74.8400000000028,17.9542998716232
"833",74.9300000000028,17.955689131472
"834",75.0200000000028,17.9570418616195
"835",75.1100000000028,17.9583579705306
"836",75.2000000000028,17.9596373666702
"837",75.2900000000028,17.9608799585034
"838",75.3800000000028,17.9620853586233
"839",75.4700000000028,17.9632533515588
"840",75.5600000000028,17.9643841036781
"841",75.6500000000028,17.9654777813496
"842",75.7400000000029,17.9665345509416
"843",75.8300000000029,17.9675545788223
"844",75.9200000000029,17.9685380313601
"845",76.0100000000029,17.9694850749232
"846",76.1000000000029,17.97039587588
"847",76.1900000000029,17.9712706005988
"848",76.2800000000029,17.9721094154478
"849",76.3700000000029,17.9729124867955
"850",76.4600000000029,17.9736799810099
"851",76.5500000000029,17.9744120644596
"852",76.6400000000029,17.9751089035127
"853",76.7300000000029,17.9757706645376
"854",76.8200000000029,17.9763975139025
"855",76.9100000000029,17.9769896179758
"856",77.0000000000029,17.9775471431258
"857",77.0900000000029,17.9780702557208
"858",77.1800000000029,17.9785591221291
"859",77.2700000000029,17.9790139087189
"860",77.3600000000029,17.9794347818586
"861",77.4500000000029,17.9798219079164
"862",77.5400000000029,17.9801754532608
"863",77.6300000000029,17.9804955842599
"864",77.7200000000029,17.9807824672821
"865",77.8100000000029,17.9810362686957
"866",77.9000000000029,17.9812571548689
"867",77.9900000000029,17.9814452921702
"868",78.0800000000029,17.9816008469677
"869",78.1700000000029,17.9817239856298
"870",78.2600000000029,17.9818141844266
"871",78.350000000003,17.9818707513931
"872",78.440000000003,17.9818936005445
"873",78.530000000003,17.9818826458962
"874",78.620000000003,17.9818378014634
"875",78.710000000003,17.9817589812615
"876",78.800000000003,17.9816460993058
"877",78.890000000003,17.9814990696116
"878",78.980000000003,17.9813178061943
"879",79.070000000003,17.9811022230691
"880",79.160000000003,17.9808522342514
"881",79.250000000003,17.9805677537565
"882",79.340000000003,17.9802486955997
"883",79.430000000003,17.9798949737963
"884",79.520000000003,17.9795065023616
"885",79.610000000003,17.9790831953111
"886",79.700000000003,17.9786249666599
"887",79.790000000003,17.9781317304233
"888",79.880000000003,17.9776034006168
"889",79.970000000003,17.9770398912557
"890",80.060000000003,17.9764411163552
"891",80.150000000003,17.9758069899306
"892",80.240000000003,17.9751374259973
"893",80.330000000003,17.9744323385707
"894",80.420000000003,17.9736916416659
"895",80.510000000003,17.9729152492984
"896",80.600000000003,17.9721030754834
"897",80.690000000003,17.9712550342364
"898",80.780000000003,17.9703710395725
"899",80.870000000003,17.9694510055071
"900",80.960000000003,17.9684948460555
"901",81.0500000000031,17.9675024752331
"902",81.1400000000031,17.9664740782597
"903",81.2300000000031,17.9654098595356
"904",81.3200000000031,17.9643097618465
"905",81.4100000000031,17.9631737279781
"906",81.5000000000031,17.9620017007161
"907",81.5900000000031,17.9607936228462
"908",81.6800000000031,17.9595494371543
"909",81.7700000000031,17.9582690864259
"910",81.8600000000031,17.9569525134469
"911",81.9500000000031,17.955599661003
"912",82.0400000000031,17.9542104718798
"913",82.1300000000031,17.9527848888631
"914",82.2200000000031,17.9513228547387
"915",82.3100000000031,17.9498243122923
"916",82.4000000000031,17.9482892043095
"917",82.4900000000031,17.9467174735761
"918",82.5800000000031,17.9451090628779
"919",82.6700000000031,17.9434639150005
"920",82.7600000000031,17.9417819727298
"921",82.8500000000031,17.9400631788513
"922",82.9400000000031,17.9383074761509
"923",83.0300000000031,17.9365148074143
"924",83.1200000000031,17.9346851154271
"925",83.2100000000031,17.9328183429752
"926",83.3000000000031,17.9309144328442
"927",83.3900000000031,17.9289733278199
"928",83.4800000000031,17.926994970688
"929",83.5700000000031,17.9249793042341
"930",83.6600000000032,17.9229262712442
"931",83.7500000000032,17.9208358145038
"932",83.8400000000032,17.9187078767987
"933",83.9300000000032,17.9165424009147
"934",84.0200000000032,17.9143376411278
"935",84.1100000000032,17.912092079949
"936",84.2000000000032,17.9098060025163
"937",84.2900000000032,17.9074796939677
"938",84.3800000000032,17.9051134394411
"939",84.4700000000032,17.9027075240745
"940",84.5600000000032,17.9002622330057
"941",84.6500000000032,17.8977778513728
"942",84.7400000000032,17.8952546643138
"943",84.8300000000032,17.8926929569665
"944",84.9200000000032,17.890093014469
"945",85.0100000000032,17.8874551219591
"946",85.1000000000032,17.8847795645749
"947",85.1900000000032,17.8820666274543
"948",85.2800000000032,17.8793165957352
"949",85.3700000000032,17.8765297545557
"950",85.4600000000032,17.8737063890536
"951",85.5500000000032,17.8708467843669
"952",85.6400000000032,17.8679512256336
"953",85.7300000000032,17.8650199979916
"954",85.8200000000032,17.862053386579
"955",85.9100000000032,17.8590516765335
"956",86.0000000000032,17.8560151529933
"957",86.0900000000032,17.8529441010961
"958",86.1800000000032,17.8498388059801
"959",86.2700000000033,17.8466995527832
"960",86.3600000000033,17.8435266266433
"961",86.4500000000033,17.8403203126983
"962",86.5400000000033,17.8370808960863
"963",86.6300000000033,17.8338086619451
"964",86.7200000000033,17.8305038954128
"965",86.8100000000033,17.8271668816272
"966",86.9000000000033,17.8237877555317
"967",86.9900000000033,17.8203566738603
"968",87.0800000000033,17.8168739544376
"969",87.1700000000033,17.8133399150884
"970",87.2600000000033,17.809754873637
"971",87.3500000000033,17.8061191479081
"972",87.4400000000033,17.8024330557264
"973",87.5300000000033,17.7986969149162
"974",87.6200000000033,17.7949110433023
"975",87.7100000000033,17.7910757587092
"976",87.8000000000033,17.7871913789614
"977",87.8900000000033,17.7832582218836
"978",87.9800000000033,17.7792766053004
"979",88.0700000000033,17.7752468470362
"980",88.1600000000033,17.7711692649157
"981",88.2500000000033,17.7670441767635
"982",88.3400000000033,17.7628719004041
"983",88.4300000000033,17.7586527536621
"984",88.5200000000033,17.7543870543621
"985",88.6100000000033,17.7500751203287
"986",88.7000000000033,17.7457172693864
"987",88.7900000000033,17.7413138193598
"988",88.8800000000033,17.7368650880735
"989",88.9700000000034,17.732371393352
"990",89.0600000000034,17.72783305302
"991",89.1500000000034,17.723250384902
"992",89.2400000000034,17.7186237068226
"993",89.3300000000034,17.7139533366063
"994",89.4200000000034,17.7092395920778
"995",89.5100000000034,17.7044827910616
"996",89.6000000000034,17.6996832513823
"997",89.6900000000034,17.6948412908645
"998",89.7800000000034,17.6897422894795
"999",89.8700000000034,17.6841795529879
"1000",89.9600000000034,17.6781652878982
"1001",90.0500000000034,17.6717117007188
"1002",90.1400000000034,17.6648309979581
"1003",90.2300000000034,17.6575353861246
"1004",90.3200000000034,17.6498370717267
"1005",90.4100000000034,17.6417482612729
"1006",90.5000000000034,17.6332811612716
"1007",90.5900000000034,17.6244479782313
"1008",90.6800000000034,17.6152609186604
"1009",90.7700000000034,17.6057321890672
"1010",90.8600000000034,17.5958739959604
"1011",90.9500000000034,17.5856985458483
"1012",91.0400000000034,17.5752180452393
"1013",91.1300000000034,17.564444700642
"1014",91.2200000000034,17.5533907185647
"1015",91.3100000000034,17.5420683055158
"1016",91.4000000000034,17.5304896680039
"1017",91.4900000000034,17.5186670125374
"1018",91.5800000000035,17.5066125456247
"1019",91.6700000000035,17.4943384737742
"1020",91.7600000000035,17.4818570034944
"1021",91.8500000000035,17.4691803412938
"1022",91.9400000000035,17.4563206936807
"1023",92.0300000000035,17.4432902671636
"1024",92.1200000000035,17.430101268251
"1025",92.2100000000035,17.4167659034513
"1026",92.3000000000035,17.403296379273
"1027",92.3900000000035,17.3897049022244
"1028",92.4800000000035,17.3760036788141
"1029",92.5700000000035,17.3622049155504
"1030",92.6600000000035,17.3476549902402
"1031",92.7500000000035,17.331717329771
"1032",92.8400000000035,17.3144297142722
"1033",92.9300000000035,17.2958299238734
"1034",93.0200000000035,17.2759557387039
"1035",93.1100000000035,17.2548449388932
"1036",93.2000000000035,17.2325353045708
"1037",93.2900000000035,17.2090646158661
"1038",93.3800000000035,17.1844706529085
"1039",93.4700000000035,17.1587911958276
"1040",93.5600000000035,17.1320640247527
"1041",93.6500000000035,17.1043269198134
"1042",93.7400000000035,17.075617661139
"1043",93.8300000000035,17.0459740288591
"1044",93.9200000000035,17.015433803103
"1045",94.0100000000035,16.9840347640003
"1046",94.1000000000035,16.9518146916803
"1047",94.1900000000036,16.9188113662726
"1048",94.2800000000036,16.8850625679066
"1049",94.3700000000036,16.8506060767118
"1050",94.4600000000036,16.8154796728175
"1051",94.5500000000036,16.7797211363533
"1052",94.6400000000036,16.7433682474486
"1053",94.7300000000036,16.7064587862329
"1054",94.8200000000036,16.6690305328355
"1055",94.9100000000036,16.631121267386
"1056",95.0000000000036,16.5927687700139
"1057",95.0900000000036,16.5540108208485
"1058",95.1800000000036,16.5148852000193
"1059",95.2700000000036,16.4754296876558
"1060",95.3600000000036,16.4356820638875
"1061",95.4500000000036,16.3956801088437
"1062",95.5400000000036,16.3554616026539
"1063",95.6300000000036,16.3152013827759
"1064",95.7200000000036,16.2750214249082
"1065",95.8100000000036,16.2348802165417
"1066",95.9000000000036,16.1947362451671
"1067",95.9900000000036,16.1545479982751
"1068",96.0800000000036,16.1142739633566
"1069",96.1700000000036,16.0738726279024
"1070",96.2600000000036,16.0333024794031
"1071",96.3500000000036,15.9925220053497
"1072",96.4400000000036,15.9514896932328
"1073",96.5300000000036,15.9101640305432
"1074",96.6200000000036,15.8685035047718
"1075",96.7100000000036,15.8264666034093
"1076",96.8000000000036,15.7840118139464
"1077",96.8900000000037,15.741097623874
"1078",96.9800000000037,15.6976825206828
"1079",97.0700000000037,15.6537249918637
"1080",97.1600000000037,15.6091835249073
"1081",97.2500000000037,15.5640166073044
"1082",97.3400000000037,15.5181827265459
"1083",97.4300000000037,15.4716403701225
"1084",97.5200000000037,15.424348025525
"1085",97.6100000000037,15.3762641802442
"1086",97.7000000000037,15.3273473217708
"1087",97.7900000000037,15.2775559375957
"1088",97.8800000000037,15.2268485152095
"1089",97.9700000000037,15.1751835421031
"1090",98.0600000000037,15.1225195057673
"1091",98.1500000000037,15.0688148936928
"1092",98.2400000000037,15.0140281933704
"1093",98.3300000000037,14.9581178922908
"1094",98.4200000000037,14.901042477945
"1095",98.5100000000037,14.843995704188
"1096",98.6000000000037,14.7881550195033
"1097",98.6900000000037,14.7334544533239
"1098",98.7800000000037,14.6798280350831
"1099",98.8700000000037,14.6272097942138
"1100",98.9600000000037,14.5755337601493
"1101",99.0500000000037,14.5247339623226
"1102",99.1400000000037,14.4747444301668
"1103",99.2300000000037,14.4254991931151
"1104",99.3200000000037,14.3769322806005
"1105",99.4100000000037,14.3289777220562
"1106",99.5000000000038,14.2815695469153
"1107",99.5900000000038,14.2346417846109
"1108",99.6800000000038,14.1881284645761
"1109",99.7700000000038,14.1419636162439
"1110",99.8600000000038,14.0960812690476
"1111",99.9500000000038,14.0504154524203
"1112",100.040000000004,14.0049001957949
"1113",100.130000000004,13.9594695286047
"1114",100.220000000004,13.9140574802828
"1115",100.310000000004,13.8685980802623
"1116",100.400000000004,13.8230253579762
"1117",100.490000000004,13.7772733428577
"1118",100.580000000004,13.7312760643399
"1119",100.670000000004,13.684967551856
"1120",100.760000000004,13.6382818348389
"1121",100.850000000004,13.5911529427219
"1122",100.940000000004,13.5435149049381
"1123",101.030000000004,13.4953017509205
"1124",101.120000000004,13.4464475101022
"1125",101.210000000004,13.3968862119164
"1126",101.300000000004,13.3465518857963
"1127",101.390000000004,13.2959842923673
"1128",101.480000000004,13.2457837527955
"1129",101.570000000004,13.1959751373247
"1130",101.660000000004,13.1465833161986
"1131",101.750000000004,13.097633159661
"1132",101.840000000004,13.0491495379556
"1133",101.930000000004,13.0011573213261
"1134",102.020000000004,12.9536813800163
"1135",102.110000000004,12.90674658427
"1136",102.200000000004,12.8603778043309
"1137",102.290000000004,12.8145999104427
"1138",102.380000000004,12.7694377728491
"1139",102.470000000004,12.724916261794
"1140",102.560000000004,12.6810602475211
"1141",102.650000000004,12.6378946002741
"1142",102.740000000004,12.5954441902967
"1143",102.830000000004,12.5537338878328
"1144",102.920000000004,12.512788563126
"1145",103.010000000004,12.4726330864201
"1146",103.100000000004,12.4332923279589
"1147",103.190000000004,12.394791157986
"1148",103.280000000004,12.3571544467453
"1149",103.370000000004,12.3204070644804
"1150",103.460000000004,12.2845738814352
"1151",103.550000000004,12.2496797678533
"1152",103.640000000004,12.2157495939786
"1153",103.730000000004,12.1828082300547
"1154",103.820000000004,12.1508805463254
"1155",103.910000000004,12.1199914130345
"1156",104.000000000004,12.0901657004257
"1157",104.090000000004,12.0614282787427
"1158",104.180000000004,12.0338040182293
"1159",104.270000000004,12.0068178088746
"1160",104.360000000004,11.9799905357514
"1161",104.450000000004,11.9533410617295
"1162",104.540000000004,11.9268882496783
"1163",104.630000000004,11.9006509624675
"1164",104.720000000004,11.8746480629666
"1165",104.810000000004,11.8488984140453
"1166",104.900000000004,11.8234208785731
"1167",104.990000000004,11.7982343194195
"1168",105.080000000004,11.7733575994543
"1169",105.170000000004,11.748809581547
"1170",105.260000000004,11.724609128567
"1171",105.350000000004,11.7007751033842
"1172",105.440000000004,11.677326368868
"1173",105.530000000004,11.654281787888
"1174",105.620000000004,11.6316602233137
"1175",105.710000000004,11.6094805380149
"1176",105.800000000004,11.5877615948611
"1177",105.890000000004,11.5665222567218
"1178",105.980000000004,11.5457813864666
"1179",106.070000000004,11.5255578469652
"1180",106.160000000004,11.5058705010871
"1181",106.250000000004,11.4867382117019
"1182",106.340000000004,11.4681798416791
"1183",106.430000000004,11.4502142538885
"1184",106.520000000004,11.4328603111995
"1185",106.610000000004,11.4161368764817
"1186",106.700000000004,11.4000628126047
"1187",106.790000000004,11.3846569824382
"1188",106.880000000004,11.3699382488517
"1189",106.970000000004,11.3559254747147
"1190",107.060000000004,11.342637522897
"1191",107.150000000004,11.3300932562679
"1192",107.240000000004,11.3181555896818
"1193",107.330000000004,11.306666604251
"1194",107.420000000004,11.2956139122326
"1195",107.510000000004,11.2849851258839
"1196",107.600000000004,11.2747678574618
"1197",107.690000000004,11.2649497192234
"1198",107.780000000004,11.255518323426
"1199",107.870000000004,11.2464612823266
"1200",107.960000000004,11.2377662081823
"1201",108.050000000004,11.2294207132502
"1202",108.140000000004,11.2214124097874
"1203",108.230000000004,11.213728910051
"1204",108.320000000004,11.2063578262982
"1205",108.410000000004,11.199286770786
"1206",108.500000000004,11.1925033557716
"1207",108.590000000004,11.1859951935121
"1208",108.680000000004,11.1797498962645
"1209",108.770000000004,11.173755076286
"1210",108.860000000004,11.1679983458337
"1211",108.950000000004,11.1624673171647
"1212",109.040000000004,11.157149602536
"1213",109.130000000004,11.1520328142049
"1214",109.220000000004,11.1471045644284
"1215",109.310000000004,11.1423524654637
"1216",109.400000000004,11.1377641295678
"1217",109.490000000004,11.1333271689978
"1218",109.580000000004,11.1290291960108
"1219",109.670000000004,11.1248578228641
"1220",109.760000000004,11.1208006618146
"1221",109.850000000004,11.1168453251194
"1222",109.940000000004,11.1129794250358
"1223",110.030000000004,11.1091905738207
"1224",110.120000000004,11.1055786042886
"1225",110.210000000004,11.1022519668692
"1226",110.300000000004,11.0992112002425
"1227",110.390000000004,11.0964568430886
"1228",110.480000000004,11.0939894340875
"1229",110.570000000004,11.0918095119192
"1230",110.660000000004,11.0899176152637
"1231",110.750000000004,11.0883142828012
"1232",110.840000000004,11.0870000532117
"1233",110.930000000004,11.0859754651751
"1234",111.020000000004,11.0852410573716
"1235",111.110000000004,11.0847973684812
"1236",111.200000000004,11.0846449371839
"1237",111.290000000004,11.0847843021597
"1238",111.380000000004,11.0852160020888
"1239",111.470000000004,11.0859405756511
"1240",111.560000000004,11.0869585615267
"1241",111.650000000004,11.0882704983956
"1242",111.740000000004,11.0898769249379
"1243",111.830000000004,11.0917783798336
"1244",111.920000000004,11.0939754017627
"1245",112.010000000004,11.0964685294054
"1246",112.100000000004,11.0992583014416
"1247",112.190000000004,11.1023452565513
"1248",112.280000000004,11.1057299334147
"1249",112.370000000004,11.1094128707117
"1250",112.460000000004,11.1133946071224
"1251",112.550000000004,11.1176756813269
"1252",112.640000000004,11.1222566320051
"1253",112.730000000004,11.1271379978371
"1254",112.820000000004,11.1323203175031
"1255",112.910000000004,11.1378041296829
"1256",113.000000000004,11.1433832736687
"1257",113.090000000004,11.1488628570804
"1258",113.180000000004,11.1542603210902
"1259",113.270000000004,11.1595931068701
"1260",113.360000000004,11.164878655592
"1261",113.450000000004,11.1701344084279
"1262",113.540000000004,11.1753778065499
"1263",113.630000000004,11.18062629113
"1264",113.720000000004,11.1858973033403
"1265",113.810000000004,11.1912082843526
"1266",113.900000000004,11.1965766753391
"1267",113.990000000004,11.2020199174717
"1268",114.080000000004,11.2075554519225
"1269",114.170000000004,11.2132007198635
"1270",114.260000000004,11.2189731624666
"1271",114.350000000004,11.224890220904
"1272",114.440000000004,11.2309693363476
"1273",114.530000000004,11.2372279499695
"1274",114.620000000004,11.2436835029416
"1275",114.710000000004,11.2503534364359
"1276",114.800000000004,11.2572551916246
"1277",114.890000000004,11.2644062096795
"1278",114.980000000004,11.2718239317728
"1279",115.070000000004,11.2795257990764
"1280",115.160000000004,11.2875292527624
"1281",115.250000000004,11.2958517340026
"1282",115.340000000004,11.3045106839693
"1283",115.430000000004,11.3135235438344
"1284",115.520000000004,11.3229077547698
"1285",115.610000000004,11.3326807579477
"1286",115.700000000004,11.34285999454
"1287",115.790000000004,11.3534629057188
"1288",115.880000000004,11.3642337937727
"1289",115.970000000004,11.3749074402358
"1290",116.060000000004,11.3854870051485
"1291",116.150000000004,11.3959756485509
"1292",116.240000000004,11.4063765304834
"1293",116.330000000004,11.416692810986
"1294",116.420000000004,11.4269276500993
"1295",116.510000000004,11.4370842078632
"1296",116.600000000004,11.4471656443182
"1297",116.690000000004,11.4571751195044
"1298",116.780000000004,11.4671157934621
"1299",116.870000000004,11.4769908262316
"1300",116.960000000004,11.4868033778531
"1301",117.050000000004,11.4965566083668
"1302",117.140000000004,11.506253677813
"1303",117.230000000004,11.515897746232
"1304",117.320000000004,11.5254919736639
"1305",117.410000000004,11.5350395201491
"1306",117.500000000004,11.5445435457278
"1307",117.590000000004,11.5540072104402
"1308",117.680000000004,11.5634336743266
"1309",117.770000000004,11.5728260974272
"1310",117.860000000004,11.5821876397823
"1311",117.950000000004,11.5915214614322
"1312",118.040000000004,11.600830722417
"1313",118.130000000004,11.6101185827771
"1314",118.220000000004,11.6193882025526
"1315",118.310000000004,11.6286427417838
"1316",118.400000000004,11.637885360511
"1317",118.490000000004,11.6471192187745
"1318",118.580000000004,11.6563474766144
"1319",118.670000000004,11.665573294071
"1320",118.760000000004,11.6747998311846
"1321",118.850000000004,11.6840001060968
"1322",118.940000000004,11.6931430356967
"1323",119.030000000004,11.702225628145
"1324",119.120000000004,11.7112448916028
"1325",119.210000000004,11.720197834231
"1326",119.300000000005,11.7290814641904
"1327",119.390000000005,11.7378927896421
"1328",119.480000000005,11.746628818747
"1329",119.570000000005,11.755286559666
"1330",119.660000000005,11.76386302056
"1331",119.750000000005,11.77235520959
"1332",119.840000000005,11.780760134917
"1333",119.930000000005,11.7890748047018
"1334",120.020000000005,11.7972962271053
"1335",120.110000000005,11.8054214102886
"1336",120.200000000005,11.8134473624126
"1337",120.290000000005,11.8213710916382
"1338",120.380000000005,11.8291896061263
"1339",120.470000000005,11.8368999140378
"1340",120.560000000005,11.8444990235338
"1341",120.650000000005,11.8519839427751
"1342",120.740000000005,11.8593516799226
"1343",120.830000000005,11.8665992431374
"1344",120.920000000005,11.8737236405803
"1345",121.010000000005,11.8807218804124
"1346",121.100000000005,11.8875909707944
"1347",121.190000000005,11.8943279198873
"1348",121.280000000005,11.9009297358522
"1349",121.370000000005,11.9073934268499
"1350",121.460000000005,11.9137160010413
"1351",121.550000000005,11.9198944665874
"1352",121.640000000005,11.9259258316491
"1353",121.730000000005,11.9318575412945
"1354",121.820000000005,11.9377386361071
"1355",121.910000000005,11.9435685175217
"1356",122.000000000005,11.949346586973
"1357",122.090000000005,11.9550722458956
"1358",122.180000000005,11.9607448957241
"1359",122.270000000005,11.9663639378933
"1360",122.360000000005,11.9719287738377
"1361",122.450000000005,11.9774388049922
"1362",122.540000000005,11.9828934327912
"1363",122.630000000005,11.9882920586696
"1364",122.720000000005,11.9936340840618
"1365",122.810000000005,11.9989189104027
"1366",122.900000000005,12.0041459391269
"1367",122.990000000005,12.009314571669
"1368",123.080000000005,12.0144242094636
"1369",123.170000000005,12.0194742539456
"1370",123.260000000005,12.0244641065494
"1371",123.350000000005,12.0293931687098
"1372",123.440000000005,12.0342608418615
"1373",123.530000000005,12.0390665274391
"1374",123.620000000005,12.0438096268772
"1375",123.710000000005,12.0484895416106
"1376",123.800000000005,12.0531056730738
"1377",123.890000000005,12.0576574227016
"1378",123.980000000005,12.0621441919286
"1379",124.070000000005,12.0665653821895
"1380",124.160000000005,12.0709203949189
"1381",124.250000000005,12.0752086315516
"1382",124.340000000005,12.0794294935221
"1383",124.430000000005,12.0835823822651
"1384",124.520000000005,12.0876666992153
"1385",124.610000000005,12.0916899996826
"1386",124.700000000005,12.0956603266718
"1387",124.790000000005,12.0995778131597
"1388",124.880000000005,12.103442592123
"1389",124.970000000005,12.1072547965385
"1390",125.060000000005,12.111014559383
"1391",125.150000000005,12.1147220136333
"1392",125.240000000005,12.1183772922662
"1393",125.330000000005,12.1219805282585
"1394",125.420000000005,12.1255318545869
"1395",125.510000000005,12.1290314042282
"1396",125.600000000005,12.1324793101593
"1397",125.690000000005,12.1358757053569
"1398",125.780000000005,12.1392207227978
"1399",125.870000000005,12.1425144954587
"1400",125.960000000005,12.1457571563166
"1401",126.050000000005,12.1489488383481
"1402",126.140000000005,12.15208967453
"1403",126.230000000005,12.1551797978392
"1404",126.320000000005,12.1582193412523
"1405",126.410000000005,12.1612084377463
"1406",126.500000000005,12.1641472202979
"1407",126.590000000005,12.1670358218838
"1408",126.680000000005,12.1698743754809
"1409",126.770000000005,12.172663014066
"1410",126.860000000005,12.1754018706157
"1411",126.950000000005,12.178091078107
"1412",127.040000000005,12.1807307695166
"1413",127.130000000005,12.1833210778213
"1414",127.220000000005,12.1858621359979
"1415",127.310000000005,12.1883540770231
"1416",127.400000000005,12.1907970338738
"1417",127.490000000005,12.1931931461292
"1418",127.580000000005,12.1955443126674
"1419",127.670000000005,12.197850305413
"1420",127.760000000005,12.2001108962912
"1421",127.850000000005,12.2023258572266
"1422",127.940000000005,12.2044949601442
"1423",128.030000000005,12.2066179769689
"1424",128.120000000005,12.2086946796255
"1425",128.210000000005,12.2107248400388
"1426",128.300000000005,12.2127082301339
"1427",128.390000000005,12.2146446218354
"1428",128.480000000005,12.2165337870683
"1429",128.570000000005,12.2183754977575
"1430",128.660000000005,12.2201695258278
"1431",128.750000000005,12.2219156432041
"1432",128.840000000005,12.2236136218113
"1433",128.930000000005,12.2252632335742
"1434",129.020000000005,12.2268642504177
"1435",129.110000000005,12.2284164442666
"1436",129.200000000005,12.2299195870459
"1437",129.290000000005,12.2313734506805
"1438",129.380000000005,12.232777807095
"1439",129.470000000005,12.2341324282145
"1440",129.560000000005,12.2354370859639
"1441",129.650000000005,12.2366915522679
"1442",129.740000000005,12.2378955990514
"1443",129.830000000005,12.2390489982394
"1444",129.920000000005,12.2401515217566
"1445",130.010000000005,12.241202941528
"1446",130.100000000005,12.2422030294785
"1447",130.190000000005,12.2431515575328
"1448",130.280000000005,12.2440482976158
"1449",130.370000000005,12.24489296299
"1450",130.460000000005,12.2456854943443
"1451",130.550000000005,12.2464260047435
"1452",130.640000000005,12.2471146072525
"1453",130.730000000005,12.2477514149359
"1454",130.820000000005,12.2483365408586
"1455",130.910000000005,12.2488700980854
"1456",131.000000000005,12.2493521996811
"1457",131.090000000005,12.2497829587105
"1458",131.180000000005,12.2501624882383
"1459",131.270000000005,12.2504909013295
"1460",131.360000000005,12.2507683110487
"1461",131.450000000005,12.2509948304607
"1462",131.540000000005,12.2511705726304
"1463",131.630000000005,12.2512956506226
"1464",131.720000000005,12.251370177502
"1465",131.810000000005,12.2513942663334
"1466",131.900000000005,12.2513680301817
"1467",131.990000000005,12.2512915821116
"1468",132.080000000005,12.2511650351879
"1469",132.170000000005,12.2509885024754
"1470",132.260000000005,12.250762097039
"1471",132.350000000005,12.2504859319434
"1472",132.440000000005,12.2501601202533
"1473",132.530000000005,12.2497847750337
"1474",132.620000000005,12.2493600093493
"1475",132.710000000005,12.2488859362648
"1476",132.800000000005,12.2483626688452
"1477",132.890000000005,12.2477903201551
"1478",132.980000000005,12.2471690032594
"1479",133.070000000005,12.2464988312228
"1480",133.160000000005,12.2457799171102
"1481",133.250000000005,12.2450070289768
"1482",133.340000000005,12.2441751368841
"1483",133.430000000005,12.2432846569064
"1484",133.520000000005,12.2423360051181
"1485",133.610000000005,12.2413295975935
"1486",133.700000000005,12.240265850407
"1487",133.790000000005,12.2391451796329
"1488",133.880000000005,12.2379680013455
"1489",133.970000000005,12.2367347316193
"1490",134.060000000005,12.2354457865285
"1491",134.150000000005,12.2341015821474
"1492",134.240000000005,12.2327025345506
"1493",134.330000000005,12.2312490598121
"1494",134.420000000005,12.2297415740065
"1495",134.510000000005,12.2281804932081
"1496",134.600000000005,12.2265662334911
"1497",134.690000000005,12.22489921093
"1498",134.780000000005,12.2231798415991
"1499",134.870000000005,12.2214085415727
"1500",134.960000000005,12.2195857269252
"1501",135.050000000005,12.2177118137309
"1502",135.140000000005,12.2157872180642
"1503",135.230000000005,12.2138123559993
"1504",135.320000000005,12.2117876436108
"1505",135.410000000005,12.2097134969728
"1506",135.500000000005,12.2075903321597
"1507",135.590000000005,12.2054185652459
"1508",135.680000000005,12.2031986123057
"1509",135.770000000005,12.2009308894135
"1510",135.860000000005,12.1986158126436
"1511",135.950000000005,12.1962537980703
"1512",136.040000000005,12.1938452617681
"1513",136.130000000005,12.1913924888897
"1514",136.220000000005,12.188897131572
"1515",136.310000000005,12.1863586563647
"1516",136.400000000005,12.1837765298177
"1517",136.490000000005,12.181150218481
"1518",136.580000000005,12.1784791889043
"1519",136.670000000005,12.1757629076376
"1520",136.760000000005,12.1730008412307
"1521",136.850000000005,12.1701924562335
"1522",136.940000000005,12.1673372191959
"1523",137.030000000005,12.1644345966677
"1524",137.120000000005,12.1614840551989
"1525",137.210000000005,12.1584850613393
"1526",137.300000000005,12.1554370816387
"1527",137.390000000005,12.1523395826471
"1528",137.480000000005,12.1491920309143
"1529",137.570000000005,12.1459938929902
"1530",137.660000000005,12.1427446354247
"1531",137.750000000005,12.1394437247676
"1532",137.840000000005,12.1360906275688
"1533",137.930000000005,12.1326848103782
"1534",138.020000000005,12.1292257397457
"1535",138.110000000005,12.1257128822212
"1536",138.200000000005,12.1221457043544
"1537",138.290000000005,12.1185236726954
"1538",138.380000000005,12.1148462537939
"1539",138.470000000005,12.1111129141998
"1540",138.560000000005,12.1073231204631
"1541",138.650000000005,12.1034763391335
"1542",138.740000000005,12.099572036761
"1543",138.830000000005,12.0956096798954
"1544",138.920000000005,12.0915887350867
"1545",139.010000000005,12.0875273201759
"1546",139.100000000005,12.0834433555689
"1547",139.190000000005,12.0793360116628
"1548",139.280000000005,12.0752044588545
"1549",139.370000000005,12.0710478675411
"1550",139.460000000005,12.0668654081195
"1551",139.550000000005,12.0626562509868
"1552",139.640000000005,12.05841956654
"1553",139.730000000005,12.0541545251761
"1554",139.820000000005,12.049860297292
"1555",139.910000000005,12.0455360532848
"1556",140.000000000005,12.0411809635515
"1557",140.090000000005,12.0367941984891
"1558",140.180000000005,12.0323749284946
"1559",140.270000000005,12.027922323965
"1560",140.360000000005,12.0234355552973
"1561",140.450000000005,12.0189137928885
"1562",140.540000000005,12.0143562071356
"1563",140.630000000005,12.0097619684356
"1564",140.720000000005,12.0051302471856
"1565",140.810000000005,12.0004602137825
"1566",140.900000000005,11.9957510386233
"1567",140.990000000005,11.9910018921051
"1568",141.080000000005,11.9862119446248
"1569",141.170000000005,11.9813803665795
"1570",141.260000000005,11.9765063283661
"1571",141.350000000005,11.9715890003816
"1572",141.440000000005,11.9666275530232
"1573",141.530000000005,11.9616211566877
"1574",141.620000000005,11.9565689817721
"1575",141.710000000005,11.9514701986736
"1576",141.800000000005,11.946323977789
"1577",141.890000000005,11.9411294895154
"1578",141.980000000005,11.9359094274576
"1579",142.070000000005,11.9306864850849
"1580",142.160000000005,11.9254598325907
"1581",142.250000000005,11.9202286401684
"1582",142.340000000005,11.9149920780115
"1583",142.430000000005,11.9097493163133
"1584",142.520000000005,11.9044995252673
"1585",142.610000000005,11.899241875067
"1586",142.700000000005,11.8939755359058
"1587",142.790000000005,11.8886996779772
"1588",142.880000000005,11.8834134714745
"1589",142.970000000005,11.8781160865912
"1590",143.060000000005,11.8728066935207
"1591",143.150000000005,11.8674844624566
"1592",143.240000000005,11.8621485635921
"1593",143.330000000005,11.8567981671209
"1594",143.420000000005,11.8514324432362
"1595",143.510000000005,11.8460505621315
"1596",143.600000000005,11.8406516940003
"1597",143.690000000005,11.835235009036
"1598",143.780000000005,11.8297996774321
"1599",143.870000000005,11.8243448693819
"1600",143.960000000005,11.818869755079
"1601",144.050000000005,11.8133735047167
"1602",144.140000000005,11.8078552884885
"1603",144.230000000005,11.8023142765878
"1604",144.320000000005,11.7967496392081
"1605",144.410000000005,11.7911605465428
"1606",144.500000000005,11.7855461687853
"1607",144.590000000005,11.7799056761291
"1608",144.680000000005,11.7742382387677
"1609",144.770000000005,11.7685430268943
"1610",144.860000000005,11.7628386096822
"1611",144.950000000005,11.7571437335444
"1612",145.040000000005,11.751457834534
"1613",145.130000000005,11.7457803487044
"1614",145.220000000005,11.7401107121089
"1615",145.310000000005,11.7344483608008
"1616",145.400000000005,11.7287927308333
"1617",145.490000000005,11.7231432582598
"1618",145.580000000005,11.7174993791336
"1619",145.670000000006,11.7118605295078
"1620",145.760000000006,11.7062261454359
"1621",145.850000000006,11.7005956629711
"1622",145.940000000006,11.6949685181667
"1623",146.030000000006,11.689344147076
"1624",146.120000000006,11.6837219857522
"1625",146.210000000006,11.6781014702487
"1626",146.300000000006,11.6724820366188
"1627",146.390000000006,11.6668631209157
"1628",146.480000000006,11.6612441591927
"1629",146.570000000006,11.6556245875032
"1630",146.660000000006,11.6500038419004
"1631",146.750000000006,11.6443813584375
"1632",146.840000000006,11.638756573168
"1633",146.930000000006,11.633128922145
"1634",147.020000000006,11.6274978414219
"1635",147.110000000006,11.621862767052
"1636",147.200000000006,11.6162231350884
"1637",147.290000000006,11.6105783815847
"1638",147.380000000006,11.6049279425939
"1639",147.470000000006,11.5992712541695
"1640",147.560000000006,11.5936077523646
"1641",147.650000000006,11.5879368732327
"1642",147.740000000006,11.5822752735415
"1643",147.830000000006,11.5766395690553
"1644",147.920000000006,11.5710291343219
"1645",148.010000000006,11.5654433438891
"1646",148.100000000006,11.5598815723045
"1647",148.190000000006,11.554343194116
"1648",148.280000000006,11.5488275838713
"1649",148.370000000006,11.5433341161183
"1650",148.460000000006,11.5378621654046
"1651",148.550000000006,11.532411106278
"1652",148.640000000006,11.5269803132863
"1653",148.730000000006,11.5215691609773
"1654",148.820000000006,11.5161770238987
"1655",148.910000000006,11.5108032765983
"1656",149.000000000006,11.5054472936239
"1657",149.090000000006,11.5001084495232
"1658",149.180000000006,11.4947861188439
"1659",149.270000000006,11.489479676134
"1660",149.360000000006,11.484188495941
"1661",149.450000000006,11.4789119528128
"1662",149.540000000006,11.4736494212972
"1663",149.630000000006,11.4684002759419
"1664",149.720000000006,11.4631638912947
"1665",149.810000000006,11.4579396419033
"1666",149.900000000006,11.4527269023156
"1667",149.990000000006,11.4475250470792
"1668",150.080000000006,11.442333450742
"1669",150.170000000006,11.4371514878517
"1670",150.260000000006,11.431978532956
"1671",150.350000000006,11.4268139606028
"1672",150.440000000006,11.4216571453399
"1673",150.530000000006,11.4165074617148
"1674",150.620000000006,11.4113898860689
"1675",150.710000000006,11.4063290026286
"1676",150.800000000006,11.40132359777
"1677",150.890000000006,11.3963724578691
"1678",150.980000000006,11.3914743693019
"1679",151.070000000006,11.3866281184443
"1680",151.160000000006,11.3818324916723
"1681",151.250000000006,11.3770862753621
"1682",151.340000000006,11.3723882558894
"1683",151.430000000006,11.3677372196305
"1684",151.520000000006,11.3631319529612
"1685",151.610000000006,11.3585712422575
"1686",151.700000000006,11.3540538738955
"1687",151.790000000006,11.3495786342511
"1688",151.880000000006,11.3451443097004
"1689",151.970000000006,11.3407496866193
"1690",152.060000000006,11.3363935513838
"1691",152.150000000006,11.33207469037
"1692",152.240000000006,11.3277918899538
"1693",152.330000000006,11.3235439365113
"1694",152.420000000006,11.3193296164183
"1695",152.510000000006,11.315147716051
"1696",152.600000000006,11.3109970217854
"1697",152.690000000006,11.3068763199973
"1698",152.780000000006,11.3027843970628
"1699",152.870000000006,11.298720039358
"1700",152.960000000006,11.2946820332588
"1701",153.050000000006,11.2906691651412
"1702",153.140000000006,11.2866802213812
"1703",153.230000000006,11.2827139883548
"1704",153.320000000006,11.278769252438
"1705",153.410000000006,11.2748448000068
"1706",153.500000000006,11.2709722716075
"1707",153.590000000006,11.267183273175
"1708",153.680000000006,11.2634765391686
"1709",153.770000000006,11.2598508040475
"1710",153.860000000006,11.2563048022711
"1711",153.950000000006,11.2528372682985
"1712",154.040000000006,11.2494469365889
"1713",154.130000000006,11.2461325416017
"1714",154.220000000006,11.2428928177961
"1715",154.310000000006,11.2397264996312
"1716",154.400000000006,11.2366323215665
"1717",154.490000000006,11.233609018061
"1718",154.580000000006,11.230655323574
"1719",154.670000000006,11.2277699725649
"1720",154.760000000006,11.2249516994927
"1721",154.850000000006,11.2221992388169
"1722",154.940000000006,11.2195113249965
"1723",155.030000000006,11.2168866924909
"1724",155.120000000006,11.2143240757593
"1725",155.210000000006,11.2118222092609
"1726",155.300000000006,11.209379827455
"1727",155.390000000006,11.2069956648009
"1728",155.480000000006,11.2046684557577
"1729",155.570000000006,11.2023969347847
"1730",155.660000000006,11.2001798363411
"1731",155.750000000006,11.1980158948863
"1732",155.840000000006,11.1959038448794
"1733",155.930000000006,11.1938424207797
"1734",156.020000000006,11.1918303570464
"1735",156.110000000006,11.1898663881388
"1736",156.200000000006,11.1879492485161
"1737",156.290000000006,11.1860776726376
"1738",156.380000000006,11.1842729544748
"1739",156.470000000006,11.182556946843
"1740",156.560000000006,11.180929222467
"1741",156.650000000006,11.1793893540713
"1742",156.740000000006,11.1779369143808
"1743",156.830000000006,11.1765714761201
"1744",156.920000000006,11.1752926120139
"1745",157.010000000006,11.174099894787
"1746",157.100000000006,11.1729928971641
"1747",157.190000000006,11.1719711918699
"1748",157.280000000006,11.171034351629
"1749",157.370000000006,11.1701819491662
"1750",157.460000000006,11.1694135572063
"1751",157.550000000006,11.1687287484738
"1752",157.640000000006,11.1681270956936
"1753",157.730000000006,11.1676081715903
"1754",157.820000000006,11.1671715488887
"1755",157.910000000006,11.1668168003134
"1756",158.000000000006,11.1665434985892
"1757",158.090000000006,11.1663512164407
"1758",158.180000000006,11.1662395265927
"1759",158.270000000006,11.16620800177
"1760",158.360000000006,11.1662562146971
"1761",158.450000000006,11.1663837380988
"1762",158.540000000006,11.1665901446999
"1763",158.630000000006,11.1668750072249
"1764",158.720000000006,11.1672378983988
"1765",158.810000000006,11.167678390946
"1766",158.900000000006,11.1681960575915
"1767",158.990000000006,11.1687904710598
"1768",159.080000000006,11.1694612040756
"1769",159.170000000006,11.1702078293638
"1770",159.260000000006,11.1710215411609
"1771",159.350000000006,11.1718944995857
"1772",159.440000000006,11.1728277261862
"1773",159.530000000006,11.1738222425101
"1774",159.620000000006,11.1748790701054
"1775",159.710000000006,11.17599923052
"1776",159.800000000006,11.1771837453017
"1777",159.890000000006,11.1784336359984
"1778",159.980000000006,11.1797499241581
"1779",160.070000000006,11.1811336313286
"1780",160.160000000006,11.1825857790578
"1781",160.250000000006,11.1841073888936
"1782",160.340000000006,11.1856994823839
"1783",160.430000000006,11.1873630810765
"1784",160.520000000006,11.1890992065194
"1785",160.610000000006,11.1909088802604
"1786",160.700000000006,11.1927931238474
"1787",160.790000000006,11.1947529588284
"1788",160.880000000006,11.1967894067511
"1789",160.970000000006,11.1989034891635
"1790",161.060000000006,11.2010962276135
"1791",161.150000000006,11.203368643649
"1792",161.240000000006,11.2057217588178
"1793",161.330000000006,11.2081565946678
"1794",161.420000000006,11.210674172747
"1795",161.510000000006,11.2132755146032
"1796",161.600000000006,11.2159616417842
"1797",161.690000000006,11.2187335758381
"1798",161.780000000006,11.2215923383126
"1799",161.870000000006,11.2245389507556
"1800",161.960000000006,11.2275744347152
"1801",162.050000000006,11.230699811739
"1802",162.140000000006,11.2338775118549
"1803",162.230000000006,11.2370704660321
"1804",162.320000000006,11.2402804472308
"1805",162.410000000006,11.2435092284111
"1806",162.500000000006,11.2467585825334
"1807",162.590000000006,11.2500302825576
"1808",162.680000000006,11.2533261014441
"1809",162.770000000006,11.256647812153
"1810",162.860000000006,11.2599971876445
"1811",162.950000000006,11.2633760008787
"1812",163.040000000006,11.2667860248159
"1813",163.130000000006,11.2702290324163
"1814",163.220000000006,11.27370679664
"1815",163.310000000006,11.2772210904472
"1816",163.400000000006,11.2807736867981
"1817",163.490000000006,11.2843663586528
"1818",163.580000000006,11.2880008789717
"1819",163.670000000006,11.2916790207148
"1820",163.760000000006,11.2954025568423
"1821",163.850000000006,11.2991732603144
"1822",163.940000000006,11.3029929040913
"1823",164.030000000006,11.3068632611332
"1824",164.120000000006,11.3107861044003
"1825",164.210000000006,11.3147632068527
"1826",164.300000000006,11.3187963414506
"1827",164.390000000006,11.3228872811543
"1828",164.480000000006,11.3270377989238
"1829",164.570000000006,11.3312496677195
"1830",164.660000000006,11.3355246605014
"1831",164.750000000006,11.3398645502298
"1832",164.840000000006,11.3442711098648
"1833",164.930000000006,11.3487461123666
"1834",165.020000000006,11.3532913306954
"1835",165.110000000006,11.3578648108261
"1836",165.200000000006,11.3624243194321
"1837",165.290000000006,11.3669712105211
"1838",165.380000000006,11.3715068381009
"1839",165.470000000006,11.3760325561793
"1840",165.560000000006,11.3805497187641
"1841",165.650000000006,11.3850596798632
"1842",165.740000000006,11.3895637934842
"1843",165.830000000006,11.3940634136351
"1844",165.920000000006,11.3985598943236
"1845",166.010000000006,11.4030545895575
"1846",166.100000000006,11.4075488533445
"1847",166.190000000006,11.4120440396926
"1848",166.280000000006,11.4165415026095
"1849",166.370000000006,11.4210425961029
"1850",166.460000000006,11.4255486741807
"1851",166.550000000006,11.4300610908508
"1852",166.640000000006,11.4345812001208
"1853",166.730000000006,11.4391103559985
"1854",166.820000000006,11.4436499124919
"1855",166.910000000006,11.4482012236086
"1856",167.000000000006,11.4527656433565
"1857",167.090000000006,11.4573445257433
"1858",167.180000000006,11.4619392247769
"1859",167.270000000006,11.4665510944651
"1860",167.360000000006,11.4711814888156
"1861",167.450000000006,11.4758317618363
"1862",167.540000000006,11.4805032675349
"1863",167.630000000006,11.4851973599192
"1864",167.720000000006,11.4899153929971
"1865",167.810000000006,11.4946587207764
"1866",167.900000000006,11.4994286972648
"1867",167.990000000006,11.5042001672163
"1868",168.080000000006,11.5089474080415
"1869",168.170000000006,11.5136709227326
"1870",168.260000000006,11.518371214282
"1871",168.350000000006,11.5230487856819
"1872",168.440000000006,11.5277041399247
"1873",168.530000000006,11.5323377800026
"1874",168.620000000006,11.5369502089081
"1875",168.710000000006,11.5415419296333
"1876",168.800000000006,11.5461134451707
"1877",168.890000000006,11.5506652585124
"1878",168.980000000006,11.555197872651
"1879",169.070000000006,11.5597117905786
"1880",169.160000000006,11.5642075152875
"1881",169.250000000006,11.5686855497702
"1882",169.340000000006,11.5731463970188
"1883",169.430000000006,11.5775905600258
"1884",169.520000000006,11.5820185417834
"1885",169.610000000006,11.5864308452839
"1886",169.700000000006,11.5908279735197
"1887",169.790000000006,11.595210429483
"1888",169.880000000006,11.5995787161662
"1889",169.970000000006,11.6039333365616
"1890",170.060000000006,11.6082747936616
"1891",170.150000000006,11.6126035904583
"1892",170.240000000006,11.6169202299442
"1893",170.330000000006,11.6212252151115
"1894",170.420000000006,11.6255190489526
"1895",170.510000000006,11.6298022344597
"1896",170.600000000006,11.6340752746252
"1897",170.690000000006,11.6383386724415
"1898",170.780000000006,11.6425929309007
"1899",170.870000000006,11.6468283035699
"1900",170.960000000006,11.6510348383592
"1901",171.050000000006,11.6552127297761
"1902",171.140000000006,11.659362172328
"1903",171.230000000006,11.6634833605224
"1904",171.320000000006,11.6675764888666
"1905",171.410000000006,11.6716417518681
"1906",171.500000000006,11.6756793440342
"1907",171.590000000006,11.6796894598725
"1908",171.680000000006,11.6836722938902
"1909",171.770000000006,11.6876280405949
"1910",171.860000000006,11.691556894494
"1911",171.950000000006,11.6954590500948
"1912",172.040000000007,11.6993347019047
"1913",172.130000000007,11.7031840444313
"1914",172.220000000007,11.7070072721819
"1915",172.310000000007,11.710804579664
"1916",172.400000000007,11.7145761613848
"1917",172.490000000007,11.718322211852
"1918",172.580000000007,11.7220429255728
"1919",172.670000000007,11.7257384970547
"1920",172.760000000007,11.7294091208052
"1921",172.850000000007,11.7330549913316
"1922",172.940000000007,11.7366763031413
"1923",173.030000000007,11.7402732507418
"1924",173.120000000007,11.7438460286405
"1925",173.210000000007,11.7473948313447
"1926",173.300000000007,11.750919853362
"1927",173.390000000007,11.7544212891998
"1928",173.480000000007,11.7578993333653
"1929",173.570000000007,11.7613541803662
"1930",173.660000000007,11.7647860247097
"1931",173.750000000007,11.7681857364756
"1932",173.840000000007,11.7715446560539
"1933",173.930000000007,11.7748636834182
"1934",174.020000000007,11.7781437185415
"1935",174.110000000007,11.7813856613973
"1936",174.200000000007,11.7845904119589
"1937",174.290000000007,11.7877588701996
"1938",174.380000000007,11.7908919360926
"1939",174.470000000007,11.7939905096113
"1940",174.560000000007,11.797055490729
"1941",174.650000000007,11.8000877794191
"1942",174.740000000007,11.8030882756547
"1943",174.830000000007,11.8060578794093
"1944",174.920000000007,11.8089974906561
"1945",175.010000000007,11.8119080093684
"1946",175.100000000007,11.8147903355196
"1947",175.190000000007,11.8176453690829
"1948",175.280000000007,11.8204740100317
"1949",175.370000000007,11.8232771583393
"1950",175.460000000007,11.826055713979
"1951",175.550000000007,11.828810576924
"1952",175.640000000007,11.8315426471478
"1953",175.730000000007,11.8342528246235
"1954",175.820000000007,11.8369420093246
"1955",175.910000000007,11.8396111012243
"1956",176.000000000007,11.8422610002959
"1957",176.090000000007,11.8448926065128
"1958",176.180000000007,11.8475068198482
"1959",176.270000000007,11.8501045402755
"1960",176.360000000007,11.8526866677679
"1961",176.450000000007,11.8552541022988
"1962",176.540000000007,11.8578077438415
"1963",176.630000000007,11.8603297767809
"1964",176.720000000007,11.8628034508293
"1965",176.810000000007,11.8652312639514
"1966",176.900000000007,11.8676157141119
"1967",176.990000000007,11.8699592992754
"1968",177.080000000007,11.8722645174066
"1969",177.170000000007,11.8745338664701
"1970",177.260000000007,11.8767698444306
"1971",177.350000000007,11.8789749492527
"1972",177.440000000007,11.8811516789011
"1973",177.530000000007,11.8833025313404
"1974",177.620000000007,11.8854300045353
"1975",177.710000000007,11.8875365964504
"1976",177.800000000007,11.8896248050504
"1977",177.890000000007,11.8916971283
"1978",177.980000000007,11.8937560641637
"1979",178.070000000007,11.8958041106063
"1980",178.160000000007,11.8978437655923
"1981",178.250000000007,11.8998775270865
"1982",178.340000000007,11.9019078930535
"1983",178.430000000007,11.9039373614579
"1984",178.520000000007,11.9059684302645
"1985",178.610000000007,11.9080035974377
"1986",178.700000000007,11.9100453609424
"1987",178.790000000007,11.9120962187431
"1988",178.880000000007,11.9141586688045
"1989",178.970000000007,11.9162352090913
"1990",179.060000000007,11.9183283375681
"1991",179.150000000007,11.9204405521995
"1992",179.240000000007,11.9225743509503
"1993",179.330000000007,11.924732231785
"1994",179.420000000007,11.9269166926683
"1995",179.510000000007,11.9291076166126
"1996",179.600000000007,11.9312837391908
"1997",179.690000000007,11.9334458372081
"1998",179.780000000007,11.9355946874696
"1999",179.870000000007,11.9377310667805
"2000",179.960000000007,11.9398557519461
"2001",180.050000000007,11.9419695197715
"2002",180.140000000007,11.9440731470619
"2003",180.230000000007,11.9461674106224
"2004",180.320000000007,11.9482530872584
"2005",180.410000000007,11.950330953775
"2006",180.500000000007,11.9524017869774
"2007",180.590000000007,11.9544663636707
"2008",180.680000000007,11.9565254606602
"2009",180.770000000007,11.958579854751
"2010",180.860000000007,11.9606303227484
"2011",180.950000000007,11.9626776414575
"2012",181.040000000007,11.9647225876836
"2013",181.130000000007,11.9667659382318
"2014",181.220000000007,11.9688084699073
"2015",181.310000000007,11.9708509595154
"2016",181.400000000007,11.9728941838611
"2017",181.490000000007,11.9749389197497
"2018",181.580000000007,11.9769859439864
"2019",181.670000000007,11.9790360333765
"2020",181.760000000007,11.9810899647249
"2021",181.850000000007,11.9831485148371
"2022",181.940000000007,11.9852124605181
"2023",182.030000000007,11.9872825785731
"2024",182.120000000007,11.9893596458074
"2025",182.210000000007,11.9914444390262
"2026",182.300000000007,11.9935377350345
"2027",182.390000000007,11.995627945281
"2028",182.480000000007,11.9977033886693
"2029",182.570000000007,11.9997647031878
"2030",182.660000000007,12.0018125268247
"2031",182.750000000007,12.0038474975682
"2032",182.840000000007,12.0058702534066
"2033",182.930000000007,12.007881432328
"2034",183.020000000007,12.0098816723208
"2035",183.110000000007,12.0118716113732
"2036",183.200000000007,12.0138518874734
"2037",183.290000000007,12.0158231386097
"2038",183.380000000007,12.0177860027702
"2039",183.470000000007,12.0197411179433
"2040",183.560000000007,12.0216891221172
"2041",183.650000000007,12.02363065328
"2042",183.740000000007,12.0255663494202
"2043",183.830000000007,12.0274968485258
"2044",183.920000000007,12.0294227885851
"2045",184.010000000007,12.0313448075864
"2046",184.100000000007,12.0332635435179
"2047",184.190000000007,12.0351796343679
"2048",184.280000000007,12.0370937181245
"2049",184.370000000007,12.0390064327761
"2050",184.460000000007,12.0409184163108
"2051",184.550000000007,12.042830306717
"2052",184.640000000007,12.0447427419827
"2053",184.730000000007,12.0466563600964
"2054",184.820000000007,12.0485717990462
"2055",184.910000000007,12.0504896968203
"2056",185.000000000007,12.052410691407
"2057",185.090000000007,12.0543354207946
"2058",185.18,12.0562645229711
